30:A8:DB:F1:BA:05,-68,371671433228914
30:A8:DB:F1:BA:05,-64,371671467538237
30:A8:DB:F1:BA:05,-67,371671505282455
30:A8:DB:F1:BA:05,-67,371671535322507
30:A8:DB:F1:BA:05,-68,371671569578392
30:A8:DB:F1:BA:05,-68,371671601510892
30:A8:DB:F1:BA:05,-64,371671636818392
30:A8:DB:F1:BA:05,-64,371671669108965
30:A8:DB:F1:BA:05,-64,371671701416986
30:A8:DB:F1:BA:05,-68,371671739811205
30:A8:DB:F1:BA:05,-68,371671772040684
30:A8:DB:F1:BA:05,-65,371671807025164
30:A8:DB:F1:BA:05,-65,371671839290685
30:A8:DB:F1:BA:05,-67,371671877709642
30:A8:DB:F1:BA:05,-64,371671943486777
30:A8:DB:F1:BA:05,-64,371676400198599
30:A8:DB:F1:BA:05,-64,371676432212505
30:A8:DB:F1:BA:05,-64,371676462111099
30:A8:DB:F1:BA:05,-64,371676494210630
30:A8:DB:F1:BA:05,-64,371676531905787
30:A8:DB:F1:BA:05,-64,371676569481932
30:A8:DB:F1:BA:05,-64,371676608322401
30:A8:DB:F1:BA:05,-64,371676643193391
30:A8:DB:F1:BA:05,-64,371676679495683
30:A8:DB:F1:BA:05,-64,371676719634797
30:A8:DB:F1:BA:05,-64,371676750903443
30:A8:DB:F1:BA:05,-64,371676780745839
30:A8:DB:F1:BA:05,-64,371676818823703
30:A8:DB:F1:BA:05,-64,371676878540734
30:A8:DB:F1:BA:05,-64,371676916784224
30:A8:DB:F1:BA:05,-58,371681428059742
30:A8:DB:F1:BA:05,-58,371681457819534
30:A8:DB:F1:BA:05,-58,371681491477868
30:A8:DB:F1:BA:05,-58,371681530042036
30:A8:DB:F1:BA:05,-58,371681562560055
30:A8:DB:F1:BA:05,-58,371681596439795
30:A8:DB:F1:BA:05,-57,371681630067139
30:A8:DB:F1:BA:05,-58,371681700069274
30:A8:DB:F1:BA:05,-58,371681731645419
30:A8:DB:F1:BA:05,-58,371681761720263
30:A8:DB:F1:BA:05,-58,371681794814846
30:A8:DB:F1:BA:05,-58,371681826069065
30:A8:DB:F1:BA:05,-58,371681855679899
30:A8:DB:F1:BA:05,-58,371681896994118
30:A8:DB:F1:BA:05,-65,371686424313335
30:A8:DB:F1:BA:05,-65,371686463688127
30:A8:DB:F1:BA:05,-65,371686497767919
30:A8:DB:F1:BA:05,-64,371686535523804
30:A8:DB:F1:BA:05,-64,371686570020784
30:A8:DB:F1:BA:05,-65,371686607019638
30:A8:DB:F1:BA:05,-65,371686647171200
30:A8:DB:F1:BA:05,-61,371686680916044
30:A8:DB:F1:BA:05,-61,371686712595574
30:A8:DB:F1:BA:05,-65,371686741571668
30:A8:DB:F1:BA:05,-65,371686772879064
30:A8:DB:F1:BA:05,-64,371686808485574
30:A8:DB:F1:BA:05,-61,371686842511147
30:A8:DB:F1:BA:05,-64,371686881142762
30:A8:DB:F1:BA:05,-61,371686919964584
30:A8:DB:F1:BA:05,-62,371691426624791
30:A8:DB:F1:BA:05,-62,371691486065573
30:A8:DB:F1:BA:05,-62,371691521515000
30:A8:DB:F1:BA:05,-62,371691555081198
30:A8:DB:F1:BA:05,-62,371691586852709
30:A8:DB:F1:BA:05,-62,371691621963750
30:A8:DB:F1:BA:05,-61,371691655722187
30:A8:DB:F1:BA:05,-61,371691685537292
30:A8:DB:F1:BA:05,-61,371691724344896
30:A8:DB:F1:BA:05,-61,371691792300416
30:A8:DB:F1:BA:05,-58,371691827784531
30:A8:DB:F1:BA:05,-61,371691856581198
30:A8:DB:F1:BA:05,-61,371691890734947
30:A8:DB:F1:BA:05,-58,371696409501925
30:A8:DB:F1:BA:05,-58,371696443715310
30:A8:DB:F1:BA:05,-58,371696476467810
30:A8:DB:F1:BA:05,-58,371696516462759
30:A8:DB:F1:BA:05,-58,371696551430259
30:A8:DB:F1:BA:05,-58,371696590047602
30:A8:DB:F1:BA:05,-58,371696621379789
30:A8:DB:F1:BA:05,-58,371696658889893
30:A8:DB:F1:BA:05,-58,371696696489530
30:A8:DB:F1:BA:05,-58,371696731909841
30:A8:DB:F1:BA:05,-59,371696770263487
30:A8:DB:F1:BA:05,-59,371696803730155
30:A8:DB:F1:BA:05,-59,371696837634686
30:A8:DB:F1:BA:05,-59,371696875010935
30:A8:DB:F1:BA:05,-59,371696932840415
30:A8:DB:F1:BA:05,-59,371696939688175
30:A8:DB:F1:BA:05,-67,371701413328276
30:A8:DB:F1:BA:05,-67,371701449299215
30:A8:DB:F1:BA:05,-67,371701481920465
30:A8:DB:F1:BA:05,-66,371701520780360
30:A8:DB:F1:BA:05,-67,371701559498017
30:A8:DB:F1:BA:05,-67,371701599592965
30:A8:DB:F1:BA:05,-67,371701630719215
30:A8:DB:F1:BA:05,-67,371701666912809
30:A8:DB:F1:BA:05,-67,371701697249996
30:A8:DB:F1:BA:05,-67,371701732061975
30:A8:DB:F1:BA:05,-67,371701769150308
30:A8:DB:F1:BA:05,-67,371701804112339
30:A8:DB:F1:BA:05,-67,371701845017288
30:A8:DB:F1:BA:05,-66,371701881413590
30:A8:DB:F1:BA:05,-67,371701922054891
30:A8:DB:F1:BA:05,-63,371706412774734
30:A8:DB:F1:BA:05,-63,371706451865307
30:A8:DB:F1:BA:05,-63,371706488106609
30:A8:DB:F1:BA:05,-63,371706521822025
30:A8:DB:F1:BA:05,-63,371706562356192
30:A8:DB:F1:BA:05,-62,371706595017180
30:A8:DB:F1:BA:05,-63,371706632828745
30:A8:DB:F1:BA:05,-63,371706667724474
30:A8:DB:F1:BA:05,-64,371706704704057
30:A8:DB:F1:BA:05,-63,371706744580150
30:A8:DB:F1:BA:05,-63,371706781766609
30:A8:DB:F1:BA:05,-63,371706817715098
30:A8:DB:F1:BA:05,-64,371706849873172
30:A8:DB:F1:BA:05,-63,371706883125932
30:A8:DB:F1:BA:05,-59,371711466294524
30:A8:DB:F1:BA:05,-59,371711496946294
30:A8:DB:F1:BA:05,-59,371711538409836
30:A8:DB:F1:BA:05,-59,371711571663013
30:A8:DB:F1:BA:05,-59,371711610406919
30:A8:DB:F1:BA:05,-58,371711649130408
30:A8:DB:F1:BA:05,-59,371711682826867
30:A8:DB:F1:BA:05,-55,371711717505774
30:A8:DB:F1:BA:05,-59,371711748149940
30:A8:DB:F1:BA:05,-59,371711784259315
30:A8:DB:F1:BA:05,-59,371711813968013
30:A8:DB:F1:BA:05,-59,371711850037545
30:A8:DB:F1:BA:05,-59,371711887063170
30:A8:DB:F1:BA:05,-67,371716401128636
30:A8:DB:F1:BA:05,-67,371716431874052
30:A8:DB:F1:BA:05,-66,371716460754365
30:A8:DB:F1:BA:05,-67,371716498338792
30:A8:DB:F1:BA:05,-66,371716529161396
30:A8:DB:F1:BA:05,-67,371716563344469
30:A8:DB:F1:BA:05,-65,371716599494625
30:A8:DB:F1:BA:05,-65,371716629423948
30:A8:DB:F1:BA:05,-65,371716662868271
30:A8:DB:F1:BA:05,-67,371716733303427
30:A8:DB:F1:BA:05,-67,371716762632802
30:A8:DB:F1:BA:05,-68,371716799102750
30:A8:DB:F1:BA:05,-67,371716828597542
30:A8:DB:F1:BA:05,-67,371716860350094
30:A8:DB:F1:BA:05,-68,371716892863635
30:A8:DB:F1:BA:05,-67,371716931588844
30:A8:DB:F1:BA:05,-63,371721420352541
30:A8:DB:F1:BA:05,-63,371721487402279
30:A8:DB:F1:BA:05,-63,371721517491083
30:A8:DB:F1:BA:05,-63,371721555850770
30:A8:DB:F1:BA:05,-63,371721583801603
30:A8:DB:F1:BA:05,-63,371721616391187
30:A8:DB:F1:BA:05,-63,371721680547854
30:A8:DB:F1:BA:05,-63,371721754272645
30:A8:DB:F1:BA:05,-62,371721789026552
30:A8:DB:F1:BA:05,-62,371721855416342
30:A8:DB:F1:BA:05,-62,371721889339884
30:A8:DB:F1:BA:05,-62,371721929120510
30:A8:DB:F1:BA:05,-60,371726414166132
30:A8:DB:F1:BA:05,-60,371726442494101
30:A8:DB:F1:BA:05,-60,371726476395298
30:A8:DB:F1:BA:05,-60,371726506545403
30:A8:DB:F1:BA:05,-60,371726536800507
30:A8:DB:F1:BA:05,-62,371726570778319
30:A8:DB:F1:BA:05,-60,371726603327538
30:A8:DB:F1:BA:05,-60,371726638169206
30:A8:DB:F1:BA:05,-60,371726678226340
30:A8:DB:F1:BA:05,-61,371726712019517
30:A8:DB:F1:BA:05,-60,371726746185715
30:A8:DB:F1:BA:05,-60,371726782603527
30:A8:DB:F1:BA:05,-60,371726817565767
30:A8:DB:F1:BA:05,-60,371726848667382
30:A8:DB:F1:BA:05,-60,371726921019674
30:A8:DB:F1:BA:05,-66,371731414067432
30:A8:DB:F1:BA:05,-65,371731442790297
30:A8:DB:F1:BA:05,-66,371731477826860
30:A8:DB:F1:BA:05,-66,371731507928317
30:A8:DB:F1:BA:05,-66,371731540821078
30:A8:DB:F1:BA:05,-66,371731574431702
30:A8:DB:F1:BA:05,-66,371731607662640
30:A8:DB:F1:BA:05,-66,371731644080296
30:A8:DB:F1:BA:05,-66,371731680062953
30:A8:DB:F1:BA:05,-66,371731714017223
30:A8:DB:F1:BA:05,-64,371731751175348
30:A8:DB:F1:BA:05,-65,371731823579202
30:A8:DB:F1:BA:05,-65,371731864298214
30:A8:DB:F1:BA:05,-66,371731898509099
30:A8:DB:F1:BA:05,-65,371731930702328
30:A8:DB:F1:BA:05,-66,371736426282587
30:A8:DB:F1:BA:05,-65,371736462638836
30:A8:DB:F1:BA:05,-65,371736493510451
30:A8:DB:F1:BA:05,-66,371736531716181
30:A8:DB:F1:BA:05,-66,371736564376284
30:A8:DB:F1:BA:05,-65,371736629562014
30:A8:DB:F1:BA:05,-66,371736667943681
30:A8:DB:F1:BA:05,-66,371736698589774
30:A8:DB:F1:BA:05,-65,371736734190919
30:A8:DB:F1:BA:05,-65,371736768982794
30:A8:DB:F1:BA:05,-66,371736804172223
30:A8:DB:F1:BA:05,-66,371736835431650
30:A8:DB:F1:BA:05,-65,371736870466025
30:A8:DB:F1:BA:05,-64,371736902957327
30:A8:DB:F1:BA:05,-60,371741402002845
30:A8:DB:F1:BA:05,-60,371741435012481
30:A8:DB:F1:BA:05,-61,371741464960762
30:A8:DB:F1:BA:05,-60,371741501233782
30:A8:DB:F1:BA:05,-60,371741537572167
30:A8:DB:F1:BA:05,-60,371741612467742
30:A8:DB:F1:BA:05,-61,371741652462897
30:A8:DB:F1:BA:05,-61,371741683617116
30:A8:DB:F1:BA:05,-61,371741718626960
30:A8:DB:F1:BA:05,-61,371741755096647
30:A8:DB:F1:BA:05,-59,371741793161647
30:A8:DB:F1:BA:05,-60,371741825855241
30:A8:DB:F1:BA:05,-60,371741887374512
30:A8:DB:F1:BA:05,-70,371746402691853
30:A8:DB:F1:BA:05,-71,371746440656958
30:A8:DB:F1:BA:05,-71,371746474357687
30:A8:DB:F1:BA:05,-67,371746509122896
30:A8:DB:F1:BA:05,-71,371746543048156
30:A8:DB:F1:BA:05,-71,371746574357375
30:A8:DB:F1:BA:05,-71,371746654267114
30:A8:DB:F1:BA:05,-71,371746684964405
30:A8:DB:F1:BA:05,-72,371746734732270
30:A8:DB:F1:BA:05,-70,371746747616177
30:A8:DB:F1:BA:05,-72,371746786472375
30:A8:DB:F1:BA:05,-71,371746816316229
30:A8:DB:F1:BA:05,-71,371746859698936
30:A8:DB:F1:BA:05,-71,371746900651229
30:A8:DB:F1:BA:05,-63,371751431677269
30:A8:DB:F1:BA:05,-64,371751499302061
30:A8:DB:F1:BA:05,-64,371751533087217
30:A8:DB:F1:BA:05,-63,371751566422790
30:A8:DB:F1:BA:05,-64,371751603730863
30:A8:DB:F1:BA:05,-64,371751642125393
30:A8:DB:F1:BA:05,-64,371751677913727
30:A8:DB:F1:BA:05,-64,371751708782216
30:A8:DB:F1:BA:05,-64,371751748465811
30:A8:DB:F1:BA:05,-63,371751779376123
30:A8:DB:F1:BA:05,-63,371751816761019
30:A8:DB:F1:BA:05,-62,371751851677529
30:A8:DB:F1:BA:05,-63,371751887047738
30:A8:DB:F1:BA:05,-60,371756420688777
30:A8:DB:F1:BA:05,-60,371756456181433
30:A8:DB:F1:BA:05,-60,371756495505131
30:A8:DB:F1:BA:05,-60,371756530496277
30:A8:DB:F1:BA:05,-60,371756569549141
30:A8:DB:F1:BA:05,-60,371756598461850
30:A8:DB:F1:BA:05,-59,371756629915183
30:A8:DB:F1:BA:05,-59,371756662322475
30:A8:DB:F1:BA:05,-60,371756696561069
30:A8:DB:F1:BA:05,-60,371756729768517
30:A8:DB:F1:BA:05,-59,371756764914610
30:A8:DB:F1:BA:05,-60,371756803521329
30:A8:DB:F1:BA:05,-60,371756840960027
30:A8:DB:F1:BA:05,-61,371756873727631
30:A8:DB:F1:BA:05,-61,371756908053257
30:A8:DB:F1:BA:05,-64,371761435773463
30:A8:DB:F1:BA:05,-70,371761472092889
30:A8:DB:F1:BA:05,-72,371761570985182
30:A8:DB:F1:BA:05,-72,371761609876743
30:A8:DB:F1:BA:05,-72,371761644829974
30:A8:DB:F1:BA:05,-72,371761680634400
30:A8:DB:F1:BA:05,-72,371761717353515
30:A8:DB:F1:BA:05,-71,371761754917317
30:A8:DB:F1:BA:05,-72,371761790631328
30:A8:DB:F1:BA:05,-71,371761824289869
30:A8:DB:F1:BA:05,-71,371761862999817
30:A8:DB:F1:BA:05,-72,371761897949713
30:A8:DB:F1:BA:05,-72,371761937280703
30:A8:DB:F1:BA:05,-64,371766410263356
30:A8:DB:F1:BA:05,-64,371766442953095
30:A8:DB:F1:BA:05,-63,371766483101951
30:A8:DB:F1:BA:05,-63,371766521339554
30:A8:DB:F1:BA:05,-64,371766551616012
30:A8:DB:F1:BA:05,-64,371766586804294
30:A8:DB:F1:BA:05,-64,371766657583044
30:A8:DB:F1:BA:05,-64,371766696945075
30:A8:DB:F1:BA:05,-64,371766727971794
30:A8:DB:F1:BA:05,-63,371766760193304
30:A8:DB:F1:BA:05,-63,371766788186533
30:A8:DB:F1:BA:05,-64,371766822593408
30:A8:DB:F1:BA:05,-65,371766851160283
30:A8:DB:F1:BA:05,-64,371766886240179
30:A8:DB:F1:BA:05,-63,371766916207210
30:A8:DB:F1:BA:05,-64,371766953367471
30:A8:DB:F1:BA:05,-61,371771429093251
30:A8:DB:F1:BA:05,-61,371771468840542
30:A8:DB:F1:BA:05,-62,371771502440125
30:A8:DB:F1:BA:05,-62,371771534826532
30:A8:DB:F1:BA:05,-62,371771576348824
30:A8:DB:F1:BA:05,-62,371771648898564
30:A8:DB:F1:BA:05,-62,371771682476637
30:A8:DB:F1:BA:05,-62,371771715743824
30:A8:DB:F1:BA:05,-61,371771778239499
30:A8:DB:F1:BA:05,-61,371771812659813
30:A8:DB:F1:BA:05,-61,371771849289812
30:A8:DB:F1:BA:05,-61,371771878909187
30:A8:DB:F1:BA:05,-62,371771913525646
30:A8:DB:F1:BA:05,-73,371776407046531
30:A8:DB:F1:BA:05,-74,371776445510384
30:A8:DB:F1:BA:05,-74,371776478162259
30:A8:DB:F1:BA:05,-73,371776514555801
30:A8:DB:F1:BA:05,-73,371776547751426
30:A8:DB:F1:BA:05,-73,371776587227832
30:A8:DB:F1:BA:05,-74,371776621257154
30:A8:DB:F1:BA:05,-74,371776656092884
30:A8:DB:F1:BA:05,-74,371776725236998
30:A8:DB:F1:BA:05,-74,371776764245904
30:A8:DB:F1:BA:05,-70,371776795458769
30:A8:DB:F1:BA:05,-73,371776833196478
30:A8:DB:F1:BA:05,-74,371776907734602
30:A8:DB:F1:BA:05,-75,371776944119341
30:A8:DB:F1:BA:05,-63,371781410810279
30:A8:DB:F1:BA:05,-63,371781445513976
30:A8:DB:F1:BA:05,-63,371781473590747
30:A8:DB:F1:BA:05,-63,371781512410435
30:A8:DB:F1:BA:05,-63,371781542325746
30:A8:DB:F1:BA:05,-63,371781575472933
30:A8:DB:F1:BA:05,-63,371781610656996
30:A8:DB:F1:BA:05,-64,371781646748820
30:A8:DB:F1:BA:05,-64,371781680137049
30:A8:DB:F1:BA:05,-64,371781741709027
30:A8:DB:F1:BA:05,-64,371781776976736
30:A8:DB:F1:BA:05,-63,371781810444704
30:A8:DB:F1:BA:05,-63,371781846870850
30:A8:DB:F1:BA:05,-64,371781879093819
30:A8:DB:F1:BA:05,-64,371781913027517
30:A8:DB:F1:BA:05,-63,371781946281788
30:A8:DB:F1:BA:05,-60,371786402689494
30:A8:DB:F1:BA:05,-60,371786435077202
30:A8:DB:F1:BA:05,-61,371786465026525
30:A8:DB:F1:BA:05,-61,371786502739286
30:A8:DB:F1:BA:05,-61,371786532646681
30:A8:DB:F1:BA:05,-61,371786562725796
30:A8:DB:F1:BA:05,-61,371786592246056
30:A8:DB:F1:BA:05,-61,371786628669702
30:A8:DB:F1:BA:05,-61,371786668651735
30:A8:DB:F1:BA:05,-62,371786701051370
30:A8:DB:F1:BA:05,-63,371786771158140
30:A8:DB:F1:BA:05,-62,371786801588608
30:A8:DB:F1:BA:05,-63,371786837285952
30:A8:DB:F1:BA:05,-62,371786874792567
30:A8:DB:F1:BA:05,-62,371786913717619
30:A8:DB:F1:BA:05,-73,371791405572566
30:A8:DB:F1:BA:05,-74,371791436855535
30:A8:DB:F1:BA:05,-73,371791466998087
30:A8:DB:F1:BA:05,-73,371791505732826
30:A8:DB:F1:BA:05,-73,371791534265430
30:A8:DB:F1:BA:05,-73,371791570296628
30:A8:DB:F1:BA:05,-73,371791605452305
30:A8:DB:F1:BA:05,-73,371791645623400
30:A8:DB:F1:BA:05,-73,371791675473398
30:A8:DB:F1:BA:05,-73,371791710786315
30:A8:DB:F1:BA:05,-73,371791740703034
30:A8:DB:F1:BA:05,-73,371791780995690
30:A8:DB:F1:BA:05,-74,371791812189492
30:A8:DB:F1:BA:05,-73,371791848366784
30:A8:DB:F1:BA:05,-73,371791882825430
30:A8:DB:F1:BA:05,-73,371791915851107
30:A8:DB:F1:BA:05,-65,371796428599492
30:A8:DB:F1:BA:05,-64,371796465346938
30:A8:DB:F1:BA:05,-63,371796500233449
30:A8:DB:F1:BA:05,-63,371796535018293
30:A8:DB:F1:BA:05,-63,371796565250272
30:A8:DB:F1:BA:05,-63,371796595266834
30:A8:DB:F1:BA:05,-63,371796631531730
30:A8:DB:F1:BA:05,-63,371796661788657
30:A8:DB:F1:BA:05,-63,371796693609022
30:A8:DB:F1:BA:05,-63,371796728473814
30:A8:DB:F1:BA:05,-63,371796760382355
30:A8:DB:F1:BA:05,-62,371796798894439
30:A8:DB:F1:BA:05,-62,371796871362981
30:A8:DB:F1:BA:05,-62,371796902789231
30:A8:DB:F1:BA:05,-60,371801428555322
30:A8:DB:F1:BA:05,-60,371801461361990
30:A8:DB:F1:BA:05,-60,371801496304125
30:A8:DB:F1:BA:05,-61,371801530973292
30:A8:DB:F1:BA:05,-61,371801564954593
30:A8:DB:F1:BA:05,-60,371801596762146
30:A8:DB:F1:BA:05,-60,371801626686313
30:A8:DB:F1:BA:05,-61,371801659230427
30:A8:DB:F1:BA:05,-60,371801689305114
30:A8:DB:F1:BA:05,-60,371801719707978
30:A8:DB:F1:BA:05,-60,371801749808499
30:A8:DB:F1:BA:05,-60,371801783806155
30:A8:DB:F1:BA:05,-61,371801818621156
30:A8:DB:F1:BA:05,-61,371801850867510
30:A8:DB:F1:BA:05,-60,371801880862197
30:A8:DB:F1:BA:05,-60,371801911458499
30:A8:DB:F1:BA:05,-60,371801946102874
30:A8:DB:F1:BA:05,-77,371806461367560
30:A8:DB:F1:BA:05,-77,371806498270790
30:A8:DB:F1:BA:05,-73,371806527456363
30:A8:DB:F1:BA:05,-73,371806557572144
30:A8:DB:F1:BA:05,-73,371806596640998
30:A8:DB:F1:BA:05,-77,371806631626102
30:A8:DB:F1:BA:05,-76,371806662998653
30:A8:DB:F1:BA:05,-73,371806697939852
30:A8:DB:F1:BA:05,-73,371806730519644
30:A8:DB:F1:BA:05,-73,371806769263029
30:A8:DB:F1:BA:05,-76,371806804453862
30:A8:DB:F1:BA:05,-77,371806842964226
30:A8:DB:F1:BA:05,-76,371806881817924
30:A8:DB:F1:BA:05,-76,371806921556309
30:A8:DB:F1:BA:05,-62,371816437570579
30:A8:DB:F1:BA:05,-63,371816473852661
30:A8:DB:F1:BA:05,-62,371816539835005
30:A8:DB:F1:BA:05,-62,371816573235368
30:A8:DB:F1:BA:05,-66,371821423085574
30:A8:DB:F1:BA:05,-67,371821460945055
30:A8:DB:F1:BA:05,-66,371821498751668
30:A8:DB:F1:BA:05,-67,371821530016200
30:A8:DB:F1:BA:05,-66,371821559958804
30:A8:DB:F1:BA:05,-67,371821589857294
30:A8:DB:F1:BA:05,-66,371821620112763
30:A8:DB:F1:BA:05,-65,371821654826565
30:A8:DB:F1:BA:05,-64,371821719854585
30:A8:DB:F1:BA:05,-64,371821756197814
30:A8:DB:F1:BA:05,-64,371821791466147
30:A8:DB:F1:BA:05,-65,371821829584585
30:A8:DB:F1:BA:05,-64,371821862054168
30:A8:DB:F1:BA:05,-64,371821898241720
30:A8:DB:F1:BA:05,-60,371826425695261
30:A8:DB:F1:BA:05,-60,371826465562708
30:A8:DB:F1:BA:05,-59,371826501834844
30:A8:DB:F1:BA:05,-60,371826540582760
30:A8:DB:F1:BA:05,-60,371826579352708
30:A8:DB:F1:BA:05,-60,371826610691094
30:A8:DB:F1:BA:05,-61,371826648498698
30:A8:DB:F1:BA:05,-61,371826685576875
30:A8:DB:F1:BA:05,-60,371826722896562
30:A8:DB:F1:BA:05,-61,371826756607188
30:A8:DB:F1:BA:05,-61,371826857922864
30:A8:DB:F1:BA:05,-61,371826895464115
30:A8:DB:F1:BA:05,-61,371826932525157
30:A8:DB:F1:BA:05,-61,371826960564636
30:A8:DB:F1:BA:05,-73,371831407690362
30:A8:DB:F1:BA:05,-72,371831445061716
30:A8:DB:F1:BA:05,-71,371831584955675
30:A8:DB:F1:BA:05,-71,371831615232186
30:A8:DB:F1:BA:05,-73,371831650247707
30:A8:DB:F1:BA:05,-73,371831678501353
30:A8:DB:F1:BA:05,-73,371831713478800
30:A8:DB:F1:BA:05,-73,371831750871925
30:A8:DB:F1:BA:05,-73,371831786882342
30:A8:DB:F1:BA:05,-71,371831850090467
30:A8:DB:F1:BA:05,-74,371831883681039
30:A8:DB:F1:BA:05,-75,371831959003852
30:A8:DB:F1:BA:05,-63,371836411116871
30:A8:DB:F1:BA:05,-63,371836452450986
30:A8:DB:F1:BA:05,-62,371836483633798
30:A8:DB:F1:BA:05,-63,371836523817756
30:A8:DB:F1:BA:05,-62,371836555582912
30:A8:DB:F1:BA:05,-63,371836589231819
30:A8:DB:F1:BA:05,-62,371836624257756
30:A8:DB:F1:BA:05,-63,371836661007235
30:A8:DB:F1:BA:05,-62,371836699858903
30:A8:DB:F1:BA:05,-63,371836739816819
30:A8:DB:F1:BA:05,-63,371836769564632
30:A8:DB:F1:BA:05,-62,371836805118589
30:A8:DB:F1:BA:05,-62,371836839838226
30:A8:DB:F1:BA:05,-62,371836871082289
30:A8:DB:F1:BA:05,-62,371836904823122
30:A8:DB:F1:BA:05,-60,371841423625672
30:A8:DB:F1:BA:05,-60,371841452932338
30:A8:DB:F1:BA:05,-60,371841486571036
30:A8:DB:F1:BA:05,-60,371841520240151
30:A8:DB:F1:BA:05,-59,371841557606974
30:A8:DB:F1:BA:05,-60,371841592834890
30:A8:DB:F1:BA:05,-59,371841626396504
30:A8:DB:F1:BA:05,-60,371841664380619
30:A8:DB:F1:BA:05,-60,371841700644421
30:A8:DB:F1:BA:05,-60,371841730857286
30:A8:DB:F1:BA:05,-60,371841763621452
30:A8:DB:F1:BA:05,-60,371841802311088
30:A8:DB:F1:BA:05,-60,371841835151608
30:A8:DB:F1:BA:05,-59,371841870885255
30:A8:DB:F1:BA:05,-59,371841929593640
30:A8:DB:F1:BA:05,-76,371846413624836
30:A8:DB:F1:BA:05,-73,371846451310722
30:A8:DB:F1:BA:05,-74,371846491173639
30:A8:DB:F1:BA:05,-75,371846521142702
30:A8:DB:F1:BA:05,-75,371846551725930
30:A8:DB:F1:BA:05,-75,371846581211711
30:A8:DB:F1:BA:05,-76,371846616424159
30:A8:DB:F1:BA:05,-76,371846684993638
30:A8:DB:F1:BA:05,-76,371846719999159
30:A8:DB:F1:BA:05,-76,371846754996920
30:A8:DB:F1:BA:05,-75,371846795053794
30:A8:DB:F1:BA:05,-75,371846832642649
30:A8:DB:F1:BA:05,-75,371846860802284
30:A8:DB:F1:BA:05,-73,371846926651816
30:A8:DB:F1:BA:05,-64,371851429790615
30:A8:DB:F1:BA:05,-62,371851463522177
30:A8:DB:F1:BA:05,-62,371851501185876
30:A8:DB:F1:BA:05,-63,371851538067125
30:A8:DB:F1:BA:05,-63,371851573612700
30:A8:DB:F1:BA:05,-63,371851612306917
30:A8:DB:F1:BA:05,-63,371851652355354
30:A8:DB:F1:BA:05,-62,371851688057802
30:A8:DB:F1:BA:05,-63,371851722112959
30:A8:DB:F1:BA:05,-62,371851759196917
30:A8:DB:F1:BA:05,-63,371851826219000
30:A8:DB:F1:BA:05,-63,371851855596292
30:A8:DB:F1:BA:05,-63,371851894272231
30:A8:DB:F1:BA:05,-63,371851927852856
30:A8:DB:F1:BA:05,-61,371856431035562
30:A8:DB:F1:BA:05,-60,371856468131239
30:A8:DB:F1:BA:05,-60,371856506873271
30:A8:DB:F1:BA:05,-59,371856541627906
30:A8:DB:F1:BA:05,-59,371856579545249
30:A8:DB:F1:BA:05,-60,371856610497593
30:A8:DB:F1:BA:05,-60,371856645782176
30:A8:DB:F1:BA:05,-60,371856677791135
30:A8:DB:F1:BA:05,-60,371856752058322
30:A8:DB:F1:BA:05,-61,371856789306239
30:A8:DB:F1:BA:05,-60,371856824943530
30:A8:DB:F1:BA:05,-60,371856860565562
30:A8:DB:F1:BA:05,-60,371856891061447
30:A8:DB:F1:BA:05,-59,371856920462593
30:A8:DB:F1:BA:05,-75,371861439221289
30:A8:DB:F1:BA:05,-75,371861473704674
30:A8:DB:F1:BA:05,-73,371861544870403
30:A8:DB:F1:BA:05,-75,371861574805925
30:A8:DB:F1:BA:05,-74,371861611296133
30:A8:DB:F1:BA:05,-74,371861646415872
30:A8:DB:F1:BA:05,-75,371861681237174
30:A8:DB:F1:BA:05,-74,371861714807799
30:A8:DB:F1:BA:05,-75,371861746449414
30:A8:DB:F1:BA:05,-74,371861780595039
30:A8:DB:F1:BA:05,-74,371861812604935
30:A8:DB:F1:BA:05,-75,371861848627019
30:A8:DB:F1:BA:05,-70,371861881989934
30:A8:DB:F1:BA:05,-74,371861911431080
30:A8:DB:F1:BA:05,-64,371866408564881
30:A8:DB:F1:BA:05,-63,371866450645922
30:A8:DB:F1:BA:05,-63,371866512081599
30:A8:DB:F1:BA:05,-63,371866547400818
30:A8:DB:F1:BA:05,-63,371866581567068
30:A8:DB:F1:BA:05,-63,371866609694204
30:A8:DB:F1:BA:05,-63,371866647167016
30:A8:DB:F1:BA:05,-63,371866689686026
30:A8:DB:F1:BA:05,-63,371866722340193
30:A8:DB:F1:BA:05,-63,371866752428005
30:A8:DB:F1:BA:05,-64,371866788987954
30:A8:DB:F1:BA:05,-63,371866861213371
30:A8:DB:F1:BA:05,-63,371866900070246
30:A8:DB:F1:BA:05,-62,371866929379517
30:A8:DB:F1:BA:05,-62,371866964339881
30:A8:DB:F1:BA:05,-60,371871411829202
30:A8:DB:F1:BA:05,-60,371871452035869
30:A8:DB:F1:BA:05,-61,371871487956649
30:A8:DB:F1:BA:05,-61,371871519682795
30:A8:DB:F1:BA:05,-60,371871550936649
30:A8:DB:F1:BA:05,-59,371871618823733
30:A8:DB:F1:BA:05,-60,371871648762744
30:A8:DB:F1:BA:05,-61,371871679223838
30:A8:DB:F1:BA:05,-60,371871716891233
30:A8:DB:F1:BA:05,-60,371871758166129
30:A8:DB:F1:BA:05,-60,371871790292066
30:A8:DB:F1:BA:05,-60,371871830170660
30:A8:DB:F1:BA:05,-61,371871860798472
30:A8:DB:F1:BA:05,-61,371871896880243
30:A8:DB:F1:BA:05,-60,371871931642326
30:A8:DB:F1:BA:05,-60,371871966813316
30:A8:DB:F1:BA:05,-75,371876437516909
30:A8:DB:F1:BA:05,-75,371876471137638
30:A8:DB:F1:BA:05,-75,371876544789564
30:A8:DB:F1:BA:05,-75,371876577361179
30:A8:DB:F1:BA:05,-70,371876611554251
30:A8:DB:F1:BA:05,-70,371876639965085
30:A8:DB:F1:BA:05,-73,371876669253054
30:A8:DB:F1:BA:05,-74,371876699914304
30:A8:DB:F1:BA:05,-75,371876738047792
30:A8:DB:F1:BA:05,-75,371876778172846
30:A8:DB:F1:BA:05,-75,371876811380554
30:A8:DB:F1:BA:05,-76,371876916396387
30:A8:DB:F1:BA:05,-75,371876951130918
30:A8:DB:F1:BA:05,-62,371881433700605
30:A8:DB:F1:BA:05,-62,371881466027116
30:A8:DB:F1:BA:05,-62,371881499721855
30:A8:DB:F1:BA:05,-62,371881539398001
30:A8:DB:F1:BA:05,-61,371881578632116
30:A8:DB:F1:BA:05,-63,371881614374251
30:A8:DB:F1:BA:05,-62,371881651620032
30:A8:DB:F1:BA:05,-62,371881683075918
30:A8:DB:F1:BA:05,-62,371881712886699
30:A8:DB:F1:BA:05,-62,371881746850918
30:A8:DB:F1:BA:05,-62,371881781075918
30:A8:DB:F1:BA:05,-58,371881816588001
30:A8:DB:F1:BA:05,-62,371881914147375
30:A8:DB:F1:BA:05,-62,371881946431386
30:A8:DB:F1:BA:05,-60,371886405774925
30:A8:DB:F1:BA:05,-60,371886441853623
30:A8:DB:F1:BA:05,-60,371886472603207
30:A8:DB:F1:BA:05,-60,371886504977321
30:A8:DB:F1:BA:05,-60,371886541296853
30:A8:DB:F1:BA:05,-60,371886577105186
30:A8:DB:F1:BA:05,-60,371886614236540
30:A8:DB:F1:BA:05,-60,371886648094613
30:A8:DB:F1:BA:05,-60,371886686854612
30:A8:DB:F1:BA:05,-60,371886721759925
30:A8:DB:F1:BA:05,-60,371886783437737
30:A8:DB:F1:BA:05,-60,371886811877216
30:A8:DB:F1:BA:05,-60,371886849214821
30:A8:DB:F1:BA:05,-60,371886926687789
30:A8:DB:F1:BA:05,-74,371891407273674
30:A8:DB:F1:BA:05,-74,371891437223049
30:A8:DB:F1:BA:05,-74,371891472191903
30:A8:DB:F1:BA:05,-74,371891513901746
30:A8:DB:F1:BA:05,-76,371891544078621
30:A8:DB:F1:BA:05,-73,371891577826174
30:A8:DB:F1:BA:05,-74,371891610834141
30:A8:DB:F1:BA:05,-70,371891637520756
30:A8:DB:F1:BA:05,-74,371891673011381
30:A8:DB:F1:BA:05,-74,371891705052110
30:A8:DB:F1:BA:05,-73,371891745296485
30:A8:DB:F1:BA:05,-74,371891779979350
30:A8:DB:F1:BA:05,-74,371891816734455
30:A8:DB:F1:BA:05,-74,371891855702736
30:A8:DB:F1:BA:05,-74,371891885129715
30:A8:DB:F1:BA:05,-74,371891948754663
30:A8:DB:F1:BA:05,-62,371896419619140
30:A8:DB:F1:BA:05,-62,371896458299661
30:A8:DB:F1:BA:05,-62,371896492100286
30:A8:DB:F1:BA:05,-62,371896523456171
30:A8:DB:F1:BA:05,-63,371896560986849
30:A8:DB:F1:BA:05,-61,371896600203776
30:A8:DB:F1:BA:05,-62,371896634761536
30:A8:DB:F1:BA:05,-62,371896671832161
30:A8:DB:F1:BA:05,-58,371896706229713
30:A8:DB:F1:BA:05,-62,371896743991640
30:A8:DB:F1:BA:05,-62,371896781736224
30:A8:DB:F1:BA:05,-62,371896810053619
30:A8:DB:F1:BA:05,-62,371896841879192
30:A8:DB:F1:BA:05,-62,371896875587473
30:A8:DB:F1:BA:05,-59,371901425458670
30:A8:DB:F1:BA:05,-59,371901455360649
30:A8:DB:F1:BA:05,-59,371901485404191
30:A8:DB:F1:BA:05,-59,371901517390025
30:A8:DB:F1:BA:05,-60,371901556606483
30:A8:DB:F1:BA:05,-59,371901591474556
30:A8:DB:F1:BA:05,-58,371901634238148
30:A8:DB:F1:BA:05,-59,371901660489242
30:A8:DB:F1:BA:05,-59,371901695467888
30:A8:DB:F1:BA:05,-59,371901723593617
30:A8:DB:F1:BA:05,-59,371901756195493
30:A8:DB:F1:BA:05,-59,371901797233253
30:A8:DB:F1:BA:05,-59,371901827275024
30:A8:DB:F1:BA:05,-59,371901861416534
30:A8:DB:F1:BA:05,-59,371901891636690
30:A8:DB:F1:BA:05,-76,371906440484553
30:A8:DB:F1:BA:05,-75,371906473906272
30:A8:DB:F1:BA:05,-76,371906512334397
30:A8:DB:F1:BA:05,-75,371906548112366
30:A8:DB:F1:BA:05,-76,371906574765126
30:A8:DB:F1:BA:05,-76,371906609951012
30:A8:DB:F1:BA:05,-77,371906640588825
30:A8:DB:F1:BA:05,-77,371906679370752
30:A8:DB:F1:BA:05,-77,371906717984241
30:A8:DB:F1:BA:05,-76,371906751704240
30:A8:DB:F1:BA:05,-76,371906788440126
30:A8:DB:F1:BA:05,-76,371906822502365
30:A8:DB:F1:BA:05,-77,371906896273824
30:A8:DB:F1:BA:05,-62,371911406484917
30:A8:DB:F1:BA:05,-63,371911470299655
30:A8:DB:F1:BA:05,-63,371911510451582
30:A8:DB:F1:BA:05,-61,371911550243405
30:A8:DB:F1:BA:05,-62,371911582750020
30:A8:DB:F1:BA:05,-62,371911624027780
30:A8:DB:F1:BA:05,-62,371911657637364
30:A8:DB:F1:BA:05,-62,371911693333665
30:A8:DB:F1:BA:05,-62,371911723365540
30:A8:DB:F1:BA:05,-62,371911754725592
30:A8:DB:F1:BA:05,-62,371911787152207
30:A8:DB:F1:BA:05,-62,371911817270697
30:A8:DB:F1:BA:05,-62,371911882121739
30:A8:DB:F1:BA:05,-62,371911913360854
30:A8:DB:F1:BA:05,-61,371916424268300
30:A8:DB:F1:BA:05,-60,371916461694341
30:A8:DB:F1:BA:05,-60,371916492837518
30:A8:DB:F1:BA:05,-60,371916523795174
30:A8:DB:F1:BA:05,-60,371916563363507
30:A8:DB:F1:BA:05,-60,371916599249289
30:A8:DB:F1:BA:05,-60,371916639079394
30:A8:DB:F1:BA:05,-60,371916674290070
30:A8:DB:F1:BA:05,-61,371916703677622
30:A8:DB:F1:BA:05,-61,371916734492309
30:A8:DB:F1:BA:05,-60,371916773325851
30:A8:DB:F1:BA:05,-60,371916814014601
30:A8:DB:F1:BA:05,-60,371916842039497
30:A8:DB:F1:BA:05,-61,371916908595800
30:A8:DB:F1:BA:05,-60,371916942796632
30:A8:DB:F1:BA:05,-72,371921404658402
30:A8:DB:F1:BA:05,-72,371921441078714
30:A8:DB:F1:BA:05,-75,371921471046734
30:A8:DB:F1:BA:05,-78,371921545005798
30:A8:DB:F1:BA:05,-78,371921580997255
30:A8:DB:F1:BA:05,-78,371921614753089
30:A8:DB:F1:BA:05,-77,371921654804287
30:A8:DB:F1:BA:05,-77,371921687553454
30:A8:DB:F1:BA:05,-78,371921726141736
30:A8:DB:F1:BA:05,-78,371921760976006
30:A8:DB:F1:BA:05,-77,371921794512151
30:A8:DB:F1:BA:05,-78,371921834953401
30:A8:DB:F1:BA:05,-78,371921865457620
30:A8:DB:F1:BA:05,-78,371921941446266
30:A8:DB:F1:BA:05,-64,371926426570484
30:A8:DB:F1:BA:05,-63,371926488307358
30:A8:DB:F1:BA:05,-61,371926526142307
30:A8:DB:F1:BA:05,-64,371926560828712
30:A8:DB:F1:BA:05,-63,371926595848764
30:A8:DB:F1:BA:05,-63,371926668428920
30:A8:DB:F1:BA:05,-64,371926697527931
30:A8:DB:F1:BA:05,-63,371926728407618
30:A8:DB:F1:BA:05,-63,371926756901889
30:A8:DB:F1:BA:05,-63,371926787339284
30:A8:DB:F1:BA:05,-63,371926851518920
30:A8:DB:F1:BA:05,-63,371926886057306
30:A8:DB:F1:BA:05,-64,371926919639493
30:A8:DB:F1:BA:05,-63,371926951446368
30:A8:DB:F1:BA:05,-61,371931449491053
30:A8:DB:F1:BA:05,-60,371931489445324
30:A8:DB:F1:BA:05,-60,371931520495689
30:A8:DB:F1:BA:05,-59,371931555418501
30:A8:DB:F1:BA:05,-60,371931585960064
30:A8:DB:F1:BA:05,-60,371931624841053
30:A8:DB:F1:BA:05,-60,371931654678814
30:A8:DB:F1:BA:05,-59,371931691650951
30:A8:DB:F1:BA:05,-60,371931726670639
30:A8:DB:F1:BA:05,-59,371931791147148
30:A8:DB:F1:BA:05,-59,371931819279492
30:A8:DB:F1:BA:05,-59,371931854050533
30:A8:DB:F1:BA:05,-59,371931884484023
30:A8:DB:F1:BA:05,-59,371931915330846
30:A8:DB:F1:BA:05,-71,371936432349281
30:A8:DB:F1:BA:05,-72,371936465689333
30:A8:DB:F1:BA:05,-71,371936504431365
30:A8:DB:F1:BA:05,-72,371936539291156
30:A8:DB:F1:BA:05,-72,371936577759125
30:A8:DB:F1:BA:05,-71,371936608730844
30:A8:DB:F1:BA:05,-73,371936638525479
30:A8:DB:F1:BA:05,-72,371936669324230
30:A8:DB:F1:BA:05,-72,371936703518917
30:A8:DB:F1:BA:05,-72,371936734589646
30:A8:DB:F1:BA:05,-68,371936769816416
30:A8:DB:F1:BA:05,-70,371936804919593
30:A8:DB:F1:BA:05,-71,371936841033395
30:A8:DB:F1:BA:05,-72,371936954808448
30:A8:DB:F1:BA:05,-62,371941439665582
30:A8:DB:F1:BA:05,-62,371941473349904
30:A8:DB:F1:BA:05,-62,371941511935893
30:A8:DB:F1:BA:05,-63,371941543432872
30:A8:DB:F1:BA:05,-63,371941573284539
30:A8:DB:F1:BA:05,-62,371941612131414
30:A8:DB:F1:BA:05,-62,371941643362664
30:A8:DB:F1:BA:05,-62,371941682324696
30:A8:DB:F1:BA:05,-62,371941718820061
30:A8:DB:F1:BA:05,-62,371941749580009
30:A8:DB:F1:BA:05,-62,371941784548653
30:A8:DB:F1:BA:05,-62,371941819150268
30:A8:DB:F1:BA:05,-62,371941854716883
30:A8:DB:F1:BA:05,-63,371941887749122
30:A8:DB:F1:BA:05,-62,371941925151101
30:A8:DB:F1:BA:05,-55,371946432805995
30:A8:DB:F1:BA:05,-59,371946462857662
30:A8:DB:F1:BA:05,-59,371946500520579
30:A8:DB:F1:BA:05,-59,371946539630267
30:A8:DB:F1:BA:05,-59,371946572902246
30:A8:DB:F1:BA:05,-59,371946605367090
30:A8:DB:F1:BA:05,-59,371946641359955
30:A8:DB:F1:BA:05,-59,371946681609693
30:A8:DB:F1:BA:05,-59,371946723458808
30:A8:DB:F1:BA:05,-55,371946763437714
30:A8:DB:F1:BA:05,-59,371946798769016
30:A8:DB:F1:BA:05,-59,371946837321360
30:A8:DB:F1:BA:05,-59,371946872313131
30:A8:DB:F1:BA:05,-59,371946904136985
30:A8:DB:F1:BA:05,-72,371951430965837
30:A8:DB:F1:BA:05,-73,371951470955005
30:A8:DB:F1:BA:05,-72,371951502589170
30:A8:DB:F1:BA:05,-72,371951534757816
30:A8:DB:F1:BA:05,-72,371951574382973
30:A8:DB:F1:BA:05,-72,371951608423181
30:A8:DB:F1:BA:05,-71,371951641745577
30:A8:DB:F1:BA:05,-72,371951679270837
30:A8:DB:F1:BA:05,-71,371951713241150
30:A8:DB:F1:BA:05,-71,371951744401618
30:A8:DB:F1:BA:05,-72,371951774467191
30:A8:DB:F1:BA:05,-72,371951807349953
30:A8:DB:F1:BA:05,-72,371951839719797
30:A8:DB:F1:BA:05,-72,371951904847452
30:A8:DB:F1:BA:05,-61,371956433824014
30:A8:DB:F1:BA:05,-62,371956470398649
30:A8:DB:F1:BA:05,-58,371956502753441
30:A8:DB:F1:BA:05,-62,371956535284430
30:A8:DB:F1:BA:05,-62,371956570909117
30:A8:DB:F1:BA:05,-58,371956603351357
30:A8:DB:F1:BA:05,-61,371956640854118
30:A8:DB:F1:BA:05,-62,371956671946096
30:A8:DB:F1:BA:05,-62,371956701994898
30:A8:DB:F1:BA:05,-61,371956738984899
30:A8:DB:F1:BA:05,-62,371956773281669
30:A8:DB:F1:BA:05,-62,371956808433597
30:A8:DB:F1:BA:05,-62,371956839554430
30:A8:DB:F1:BA:05,-63,371956879678233
30:A8:DB:F1:BA:05,-62,371956914581878
30:A8:DB:F1:BA:05,-63,371956949674535
30:A8:DB:F1:BA:05,-60,371961423966928
30:A8:DB:F1:BA:05,-60,371961460130782
30:A8:DB:F1:BA:05,-59,371961490245834
30:A8:DB:F1:BA:05,-59,371961530621667
30:A8:DB:F1:BA:05,-59,371961565317293
30:A8:DB:F1:BA:05,-60,371961598929793
30:A8:DB:F1:BA:05,-60,371961663901511
30:A8:DB:F1:BA:05,-60,371961693933178
30:A8:DB:F1:BA:05,-60,371961732709949
30:A8:DB:F1:BA:05,-60,371961771572553
30:A8:DB:F1:BA:05,-60,371961805269793
30:A8:DB:F1:BA:05,-60,371961838633231
30:A8:DB:F1:BA:05,-59,371961874094480
30:A8:DB:F1:BA:05,-63,371971533155726
30:A8:DB:F1:BA:05,-62,371976675410568
30:A8:DB:F1:BA:05,-78,371981805301711
30:A8:DB:F1:BA:05,-58,372021627894145
30:A8:DB:F1:BA:05,-73,372026763991693
30:A8:DB:F1:BA:05,-63,372031893078985
30:A8:DB:F1:BA:05,-64,372061444131629
30:A8:DB:F1:BA:05,-60,372066594471836
30:A8:DB:F1:BA:05,-76,372071724134855
30:A8:DB:F1:BA:05,-62,372076866672144
30:A8:DB:F1:BA:05,-59,372111549509944
30:A8:DB:F1:BA:05,-73,372116689430931
30:A8:DB:F1:BA:05,-60,372121819532595
30:A8:DB:F1:BA:05,-60,372156539286958
30:A8:DB:F1:BA:05,-76,372161676354767
30:A8:DB:F1:BA:05,-62,372166801304454
30:A8:DB:F1:BA:05,-68,372211751516833
30:A8:DB:F1:BA:05,-68,372251555039786
30:A8:DB:F1:BA:05,-66,372256684933170
30:A8:DB:F1:BA:05,-59,372261831235615
30:A8:DB:F1:BA:05,-68,372296518590134
30:A8:DB:F1:BA:05,-61,372301661995965
30:A8:DB:F1:BA:05,-67,372341506372721
30:A8:DB:F1:BA:05,-63,372346635044022
30:A8:DB:F1:BA:05,-55,372351781021153
30:A8:DB:F1:BA:05,-64,372356923676465
30:A8:DB:F1:BA:05,-68,372386479475933
30:A8:DB:F1:BA:05,-63,372391608393899
30:A8:DB:F1:BA:05,-59,372396747462076
30:A8:DB:F1:BA:05,-63,372406468203321
30:A8:DB:F1:BA:05,-62,372406496287540
30:A8:DB:F1:BA:05,-63,372406530406549
30:A8:DB:F1:BA:05,-63,372406569082071
30:A8:DB:F1:BA:05,-62,372406607883061
30:A8:DB:F1:BA:05,-63,372406680814571
30:A8:DB:F1:BA:05,-61,372406719604780
30:A8:DB:F1:BA:05,-62,372406759599050
30:A8:DB:F1:BA:05,-62,372406790518165
30:A8:DB:F1:BA:05,-62,372406820782384
30:A8:DB:F1:BA:05,-62,372406853139936
30:A8:DB:F1:BA:05,-62,372406888261030
30:A8:DB:F1:BA:05,-58,372406961533477
30:A8:DB:F1:BA:05,-62,372406989663113
30:A8:DB:F1:BA:05,-59,372411421472955
30:A8:DB:F1:BA:05,-60,372411451586132
30:A8:DB:F1:BA:05,-60,372411483383319
30:A8:DB:F1:BA:05,-60,372411514541913
30:A8:DB:F1:BA:05,-60,372411555793527
30:A8:DB:F1:BA:05,-59,372411596568684
30:A8:DB:F1:BA:05,-59,372411633929152
30:A8:DB:F1:BA:05,-60,372411665098996
30:A8:DB:F1:BA:05,-60,372411696581861
30:A8:DB:F1:BA:05,-59,372411728844309
30:A8:DB:F1:BA:05,-59,372411803491444
30:A8:DB:F1:BA:05,-59,372411841433736
30:A8:DB:F1:BA:05,-59,372411873948319
30:A8:DB:F1:BA:05,-59,372411911411548
30:A8:DB:F1:BA:05,-58,372411943586861
30:A8:DB:F1:BA:05,-59,372411973924517
30:A8:DB:F1:BA:05,-66,372416436521495
30:A8:DB:F1:BA:05,-64,372416476452120
30:A8:DB:F1:BA:05,-61,372416508773006
30:A8:DB:F1:BA:05,-65,372416540704776
30:A8:DB:F1:BA:05,-66,372416575729411
30:A8:DB:F1:BA:05,-66,372416609207901
30:A8:DB:F1:BA:05,-65,372416650243524
30:A8:DB:F1:BA:05,-66,372416689840557
30:A8:DB:F1:BA:05,-66,372416763655400
30:A8:DB:F1:BA:05,-64,372416802464045
30:A8:DB:F1:BA:05,-64,372416832013525
30:A8:DB:F1:BA:05,-66,372416869692952
30:A8:DB:F1:BA:05,-66,372416937913161
30:A8:DB:F1:BA:05,-65,372416969508161
30:A8:DB:F1:BA:05,-61,372421422936076
30:A8:DB:F1:BA:05,-60,372421452767898
30:A8:DB:F1:BA:05,-61,372421482943783
30:A8:DB:F1:BA:05,-61,372421518183420
30:A8:DB:F1:BA:05,-62,372421549417534
30:A8:DB:F1:BA:05,-62,372421579467065
30:A8:DB:F1:BA:05,-63,372421611991701
30:A8:DB:F1:BA:05,-62,372421650651908
30:A8:DB:F1:BA:05,-62,372421685590971
30:A8:DB:F1:BA:05,-62,372421722068576
30:A8:DB:F1:BA:05,-62,372421751948315
30:A8:DB:F1:BA:05,-61,372421785711595
30:A8:DB:F1:BA:05,-62,372421824520033
30:A8:DB:F1:BA:05,-62,372421864426492
30:A8:DB:F1:BA:05,-63,372421897005972
30:A8:DB:F1:BA:05,-63,372421936177899
30:A8:DB:F1:BA:05,-59,372426441558783
30:A8:DB:F1:BA:05,-59,372426475487428
30:A8:DB:F1:BA:05,-59,372426511739928
30:A8:DB:F1:BA:05,-59,372426549811855
30:A8:DB:F1:BA:05,-59,372426582748417
30:A8:DB:F1:BA:05,-60,372426619248312
30:A8:DB:F1:BA:05,-60,372426652990396
30:A8:DB:F1:BA:05,-59,372426687498156
30:A8:DB:F1:BA:05,-60,372426717769147
30:A8:DB:F1:BA:05,-61,372426748776699
30:A8:DB:F1:BA:05,-59,372426787460760
30:A8:DB:F1:BA:05,-60,372426821549250
30:A8:DB:F1:BA:05,-59,372426850245604
30:A8:DB:F1:BA:05,-59,372426886430708
30:A8:DB:F1:BA:05,-60,372426923701437
30:A8:DB:F1:BA:05,-60,372426954007584
30:A8:DB:F1:BA:05,-67,372431429065395
30:A8:DB:F1:BA:05,-66,372431460794301
30:A8:DB:F1:BA:05,-66,372431494533467
30:A8:DB:F1:BA:05,-66,372431530920290
30:A8:DB:F1:BA:05,-66,372431560827790
30:A8:DB:F1:BA:05,-66,372431597056124
30:A8:DB:F1:BA:05,-66,372431633262269
30:A8:DB:F1:BA:05,-67,372431673573363
30:A8:DB:F1:BA:05,-65,372431703074353
30:A8:DB:F1:BA:05,-66,372431740306801
30:A8:DB:F1:BA:05,-66,372431776773623
30:A8:DB:F1:BA:05,-66,372431814163519
30:A8:DB:F1:BA:05,-67,372431853171905
30:A8:DB:F1:BA:05,-67,372431889697218
30:A8:DB:F1:BA:05,-66,372431928433311
30:A8:DB:F1:BA:05,-62,372436441449768
30:A8:DB:F1:BA:05,-62,372436476266539
30:A8:DB:F1:BA:05,-62,372436507993623
30:A8:DB:F1:BA:05,-62,372436539410602
30:A8:DB:F1:BA:05,-62,372436574485185
30:A8:DB:F1:BA:05,-62,372436604745081
30:A8:DB:F1:BA:05,-62,372436642740966
30:A8:DB:F1:BA:05,-62,372436676596852
30:A8:DB:F1:BA:05,-61,372436748007112
30:A8:DB:F1:BA:05,-62,372436778266227
30:A8:DB:F1:BA:05,-61,372436844342527
30:A8:DB:F1:BA:05,-58,372436879223361
30:A8:DB:F1:BA:05,-60,372441425544141
30:A8:DB:F1:BA:05,-60,372441464236797
30:A8:DB:F1:BA:05,-59,372441492090964
30:A8:DB:F1:BA:05,-60,372441528217944
30:A8:DB:F1:BA:05,-59,372441569429818
30:A8:DB:F1:BA:05,-60,372441604382578
30:A8:DB:F1:BA:05,-60,372441635203464
30:A8:DB:F1:BA:05,-59,372441672986381
30:A8:DB:F1:BA:05,-59,372441703902579
30:A8:DB:F1:BA:05,-59,372441738894714
30:A8:DB:F1:BA:05,-59,372441778870234
30:A8:DB:F1:BA:05,-58,372441817652630
30:A8:DB:F1:BA:05,-60,372441888630130
30:A8:DB:F1:BA:05,-59,372441920462733
30:A8:DB:F1:BA:05,-59,372441959526275
30:A8:DB:F1:BA:05,-67,372446456052733
30:A8:DB:F1:BA:05,-67,372446493396691
30:A8:DB:F1:BA:05,-66,372446523419764
30:A8:DB:F1:BA:05,-66,372446557204921
30:A8:DB:F1:BA:05,-66,372446593348827
30:A8:DB:F1:BA:05,-67,372446671998827
30:A8:DB:F1:BA:05,-66,372446707232055
30:A8:DB:F1:BA:05,-66,372446745986639
30:A8:DB:F1:BA:05,-67,372446775788096
30:A8:DB:F1:BA:05,-66,372446813392940
30:A8:DB:F1:BA:05,-66,372446854313983
30:A8:DB:F1:BA:05,-67,372446889191744
30:A8:DB:F1:BA:05,-66,372446918614869
30:A8:DB:F1:BA:05,-66,372446947092525
30:A8:DB:F1:BA:05,-62,372451426571638
30:A8:DB:F1:BA:05,-63,372451497198303
30:A8:DB:F1:BA:05,-62,372451528049917
30:A8:DB:F1:BA:05,-62,372451567664033
30:A8:DB:F1:BA:05,-62,372451606001534
30:A8:DB:F1:BA:05,-62,372451644369085
30:A8:DB:F1:BA:05,-62,372451680037470
30:A8:DB:F1:BA:05,-62,372451710578043
30:A8:DB:F1:BA:05,-62,372451743221846
30:A8:DB:F1:BA:05,-62,372451775642158
30:A8:DB:F1:BA:05,-62,372451805746377
30:A8:DB:F1:BA:05,-62,372451840771064
30:A8:DB:F1:BA:05,-58,372451871467627
30:A8:DB:F1:BA:05,-62,372451905319397
30:A8:DB:F1:BA:05,-62,372451972187417
30:A8:DB:F1:BA:05,-59,372456422548146
30:A8:DB:F1:BA:05,-60,372456458331427
30:A8:DB:F1:BA:05,-59,372456487796584
30:A8:DB:F1:BA:05,-60,372456528488406
30:A8:DB:F1:BA:05,-59,372456599166166
30:A8:DB:F1:BA:05,-59,372456637494864
30:A8:DB:F1:BA:05,-59,372456659573510
30:A8:DB:F1:BA:05,-59,372456698431583
30:A8:DB:F1:BA:05,-59,372456729927364
30:A8:DB:F1:BA:05,-59,372456764733197
30:A8:DB:F1:BA:05,-59,372456794751531
30:A8:DB:F1:BA:05,-59,372456832869499
30:A8:DB:F1:BA:05,-59,372456866730593
30:A8:DB:F1:BA:05,-60,372456898929343
30:A8:DB:F1:BA:05,-60,372456929554603
30:A8:DB:F1:BA:05,-60,372456964471322
30:A8:DB:F1:BA:05,-66,372461440842311
30:A8:DB:F1:BA:05,-65,372461472187936
30:A8:DB:F1:BA:05,-66,372461510092051
30:A8:DB:F1:BA:05,-67,372461547412623
30:A8:DB:F1:BA:05,-64,372461583392153
30:A8:DB:F1:BA:05,-65,372461611689863
30:A8:DB:F1:BA:05,-66,372461645282987
30:A8:DB:F1:BA:05,-66,372461720840695
30:A8:DB:F1:BA:05,-66,372461753416164
30:A8:DB:F1:BA:05,-66,372461784525331
30:A8:DB:F1:BA:05,-66,372461817721165
30:A8:DB:F1:BA:05,-66,372461883160278
30:A8:DB:F1:BA:05,-66,372461918378509
30:A8:DB:F1:BA:05,-66,372461957254030
30:A8:DB:F1:BA:05,-63,372466438948297
30:A8:DB:F1:BA:05,-62,372466468690381
30:A8:DB:F1:BA:05,-62,372466498769443
30:A8:DB:F1:BA:05,-62,372466540318922
30:A8:DB:F1:BA:05,-62,372466575576788
30:A8:DB:F1:BA:05,-62,372466614226318
30:A8:DB:F1:BA:05,-63,372466685105590
30:A8:DB:F1:BA:05,-64,372466722908350
30:A8:DB:F1:BA:05,-63,372466755716631
30:A8:DB:F1:BA:05,-62,372466784285224
30:A8:DB:F1:BA:05,-63,372466849262726
30:A8:DB:F1:BA:05,-62,372466888090588
30:A8:DB:F1:BA:05,-63,372466919118091
30:A8:DB:F1:BA:05,-62,372466951696474
30:A8:DB:F1:BA:05,-62,372466982024391
30:A8:DB:F1:BA:05,-59,372471453024024
30:A8:DB:F1:BA:05,-58,372471478777514
30:A8:DB:F1:BA:05,-55,372471550481368
30:A8:DB:F1:BA:05,-59,372471579905327
30:A8:DB:F1:BA:05,-58,372471612489858
30:A8:DB:F1:BA:05,-59,372471648990691
30:A8:DB:F1:BA:05,-59,372471683850014
30:A8:DB:F1:BA:05,-59,372471719191629
30:A8:DB:F1:BA:05,-55,372471750683868
30:A8:DB:F1:BA:05,-59,372471780057931
30:A8:DB:F1:BA:05,-58,372471823909597
30:A8:DB:F1:BA:05,-55,372471892151056
30:A8:DB:F1:BA:05,-59,372471957174650
30:A8:DB:F1:BA:05,-66,372476454824805
30:A8:DB:F1:BA:05,-65,372476488304284
30:A8:DB:F1:BA:05,-65,372476519531367
30:A8:DB:F1:BA:05,-66,372476551062617
30:A8:DB:F1:BA:05,-65,372476585602772
30:A8:DB:F1:BA:05,-65,372476615875429
30:A8:DB:F1:BA:05,-65,372476654774335
30:A8:DB:F1:BA:05,-66,372476724682981
30:A8:DB:F1:BA:05,-66,372476763235013
30:A8:DB:F1:BA:05,-65,372476793568971
30:A8:DB:F1:BA:05,-66,372476830450794
30:A8:DB:F1:BA:05,-66,372476867433971
30:A8:DB:F1:BA:05,-65,372476906102044
30:A8:DB:F1:BA:05,-63,372481429313813
30:A8:DB:F1:BA:05,-65,372481463260271
30:A8:DB:F1:BA:05,-65,372481492943917
30:A8:DB:F1:BA:05,-64,372481531741001
30:A8:DB:F1:BA:05,-64,372481568147511
30:A8:DB:F1:BA:05,-62,372481603290011
30:A8:DB:F1:BA:05,-58,372481636410220
30:A8:DB:F1:BA:05,-62,372481670096209
30:A8:DB:F1:BA:05,-64,372481781778135
30:A8:DB:F1:BA:05,-65,372481857151782
30:A8:DB:F1:BA:05,-66,372481896851158
30:A8:DB:F1:BA:05,-59,372486426512979
30:A8:DB:F1:BA:05,-59,372486465110582
30:A8:DB:F1:BA:05,-58,372486497833500
30:A8:DB:F1:BA:05,-59,372486530738864
30:A8:DB:F1:BA:05,-58,372486568256312
30:A8:DB:F1:BA:05,-58,372486598178916
30:A8:DB:F1:BA:05,-57,372486628693082
30:A8:DB:F1:BA:05,-58,372486664883550
30:A8:DB:F1:BA:05,-57,372486698599383
30:A8:DB:F1:BA:05,-57,372486762282508
30:A8:DB:F1:BA:05,-57,372486801313238
30:A8:DB:F1:BA:05,-58,372486835419071
30:A8:DB:F1:BA:05,-58,372486868992248
30:A8:DB:F1:BA:05,-57,372486898695894
30:A8:DB:F1:BA:05,-56,372486933639592
30:A8:DB:F1:BA:05,-68,372491521907350
30:A8:DB:F1:BA:05,-69,372491560656049
30:A8:DB:F1:BA:05,-68,372491591663912
30:A8:DB:F1:BA:05,-69,372491627197506
30:A8:DB:F1:BA:05,-68,372491662125527
30:A8:DB:F1:BA:05,-68,372491690562194
30:A8:DB:F1:BA:05,-69,372491727128340
30:A8:DB:F1:BA:05,-69,372491764178027
30:A8:DB:F1:BA:05,-69,372491861725944
30:A8:DB:F1:BA:05,-68,372491893840996
30:A8:DB:F1:BA:05,-68,372491926900058
30:A8:DB:F1:BA:05,-66,372496433802662
30:A8:DB:F1:BA:05,-66,372496463820631
30:A8:DB:F1:BA:05,-65,372496503642141
30:A8:DB:F1:BA:05,-65,372496574872713
30:A8:DB:F1:BA:05,-66,372496604786464
30:A8:DB:F1:BA:05,-67,372496634942348
30:A8:DB:F1:BA:05,-66,372496670023859
30:A8:DB:F1:BA:05,-66,372496699792453
30:A8:DB:F1:BA:05,-68,372496737993808
30:A8:DB:F1:BA:05,-67,372496772193495
30:A8:DB:F1:BA:05,-67,372496809827402
30:A8:DB:F1:BA:05,-66,372496910904329
30:A8:DB:F1:BA:05,-67,372496980744016
30:A8:DB:F1:BA:05,-60,372501440244951
30:A8:DB:F1:BA:05,-60,372501473792868
30:A8:DB:F1:BA:05,-60,372501508691619
30:A8:DB:F1:BA:05,-61,372501538681775
30:A8:DB:F1:BA:05,-60,372501573376879
30:A8:DB:F1:BA:05,-61,372501608094639
30:A8:DB:F1:BA:05,-60,372501642222348
30:A8:DB:F1:BA:05,-60,372501705465420
30:A8:DB:F1:BA:05,-60,372501767326879
30:A8:DB:F1:BA:05,-60,372501772628702
30:A8:DB:F1:BA:05,-61,372501805594378
30:A8:DB:F1:BA:05,-60,372501845542399
30:A8:DB:F1:BA:05,-60,372501884716879
30:A8:DB:F1:BA:05,-60,372501914792139
30:A8:DB:F1:BA:05,-60,372501945655940
30:A8:DB:F1:BA:05,-70,372506438220367
30:A8:DB:F1:BA:05,-67,372506470381824
30:A8:DB:F1:BA:05,-71,372506536791096
30:A8:DB:F1:BA:05,-70,372506578183804
30:A8:DB:F1:BA:05,-69,372506604234063
30:A8:DB:F1:BA:05,-70,372506635746511
30:A8:DB:F1:BA:05,-68,372506668418543
30:A8:DB:F1:BA:05,-70,372506708681876
30:A8:DB:F1:BA:05,-70,372506748508230
30:A8:DB:F1:BA:05,-71,372506783897345
30:A8:DB:F1:BA:05,-71,372506845054688
30:A8:DB:F1:BA:05,-71,372506875147397
30:A8:DB:F1:BA:05,-72,372506911910939
30:A8:DB:F1:BA:05,-72,372506941485157
30:A8:DB:F1:BA:05,-65,372511449082240
30:A8:DB:F1:BA:05,-65,372511487237292
30:A8:DB:F1:BA:05,-66,372511523086458
30:A8:DB:F1:BA:05,-65,372511549552292
30:A8:DB:F1:BA:05,-61,372511589360260
30:A8:DB:F1:BA:05,-65,372511625589478
30:A8:DB:F1:BA:05,-64,372511689875208
30:A8:DB:F1:BA:05,-61,372511798262187
30:A8:DB:F1:BA:05,-65,372511827881926
30:A8:DB:F1:BA:05,-65,372511859073280
30:A8:DB:F1:BA:05,-66,372511891319322
30:A8:DB:F1:BA:05,-65,372511928930416
30:A8:DB:F1:BA:05,-65,372511967747447
30:A8:DB:F1:BA:05,-61,372516438147602
30:A8:DB:F1:BA:05,-62,372516474649789
30:A8:DB:F1:BA:05,-61,372516504033643
30:A8:DB:F1:BA:05,-61,372516543549894
30:A8:DB:F1:BA:05,-61,372516574483123
30:A8:DB:F1:BA:05,-61,372516685763904
30:A8:DB:F1:BA:05,-61,372516760876768
30:A8:DB:F1:BA:05,-61,372516794050466
30:A8:DB:F1:BA:05,-60,372516824482132
30:A8:DB:F1:BA:05,-60,372516858777706
30:A8:DB:F1:BA:05,-61,372516920113643
30:A8:DB:F1:BA:05,-61,372516960120935
30:A8:DB:F1:BA:05,-71,372521442529215
30:A8:DB:F1:BA:05,-71,372521477325413
30:A8:DB:F1:BA:05,-70,372521512008120
30:A8:DB:F1:BA:05,-71,372521543247288
30:A8:DB:F1:BA:05,-71,372521572918797
30:A8:DB:F1:BA:05,-71,372521608433589
30:A8:DB:F1:BA:05,-71,372521639066142
30:A8:DB:F1:BA:05,-71,372521668395777
30:A8:DB:F1:BA:05,-67,372521705775880
30:A8:DB:F1:BA:05,-68,372521744495569
30:A8:DB:F1:BA:05,-70,372521779596922
30:A8:DB:F1:BA:05,-70,372521818020151
30:A8:DB:F1:BA:05,-71,372521882887026
30:A8:DB:F1:BA:05,-71,372521917908016
30:A8:DB:F1:BA:05,-71,372521952741037
30:A8:DB:F1:BA:05,-72,372521983931193
30:A8:DB:F1:BA:05,-66,372526445384838
30:A8:DB:F1:BA:05,-65,372526514247129
30:A8:DB:F1:BA:05,-65,372526583060878
30:A8:DB:F1:BA:05,-65,372526695961817
30:A8:DB:F1:BA:05,-65,372526696172078
30:A8:DB:F1:BA:05,-65,372526724141869
30:A8:DB:F1:BA:05,-66,372526757567963
30:A8:DB:F1:BA:05,-65,372526794551035
30:A8:DB:F1:BA:05,-61,372526830588223
30:A8:DB:F1:BA:05,-66,372526860680410
30:A8:DB:F1:BA:05,-66,372526890669577
30:A8:DB:F1:BA:05,-65,372526924377806
30:A8:DB:F1:BA:05,-58,372531433766866
30:A8:DB:F1:BA:05,-59,372531500106554
30:A8:DB:F1:BA:05,-58,372531539299314
30:A8:DB:F1:BA:05,-58,372531582127387
30:A8:DB:F1:BA:05,-58,372531609557439
30:A8:DB:F1:BA:05,-58,372531639615460
30:A8:DB:F1:BA:05,-58,372531679086658
30:A8:DB:F1:BA:05,-55,372531719428481
30:A8:DB:F1:BA:05,-58,372531757613794
30:A8:DB:F1:BA:05,-59,372531796221138
30:A8:DB:F1:BA:05,-58,372531829250199
30:A8:DB:F1:BA:05,-57,372531867631294
30:A8:DB:F1:BA:05,-59,372531899986867
30:A8:DB:F1:BA:05,-58,372531936268742
30:A8:DB:F1:BA:05,-69,372536459219835
30:A8:DB:F1:BA:05,-69,372536489053428
30:A8:DB:F1:BA:05,-69,372536526560616
30:A8:DB:F1:BA:05,-69,372536562661501
30:A8:DB:F1:BA:05,-69,372536602558897
30:A8:DB:F1:BA:05,-70,372536635717230
30:A8:DB:F1:BA:05,-69,372536704480198
30:A8:DB:F1:BA:05,-69,372536739032178
30:A8:DB:F1:BA:05,-69,372536769500146
30:A8:DB:F1:BA:05,-69,372536808992802
30:A8:DB:F1:BA:05,-69,372536844877230
30:A8:DB:F1:BA:05,-68,372536883400302
30:A8:DB:F1:BA:05,-69,372536914567333
30:A8:DB:F1:BA:05,-66,372541454574883
30:A8:DB:F1:BA:05,-66,372541485410508
30:A8:DB:F1:BA:05,-66,372541520575300
30:A8:DB:F1:BA:05,-66,372541562171446
30:A8:DB:F1:BA:05,-65,372541593080248
30:A8:DB:F1:BA:05,-66,372541632950873
30:A8:DB:F1:BA:05,-64,372541667820873
30:A8:DB:F1:BA:05,-66,372541709767852
30:A8:DB:F1:BA:05,-66,372541744296446
30:A8:DB:F1:BA:05,-65,372541774311082
30:A8:DB:F1:BA:05,-65,372541814084310
30:A8:DB:F1:BA:05,-65,372541844240768
30:A8:DB:F1:BA:05,-66,372541882830977
30:A8:DB:F1:BA:05,-65,372541919051603
30:A8:DB:F1:BA:05,-65,372541953282227
30:A8:DB:F1:BA:05,-59,372546446229778
30:A8:DB:F1:BA:05,-59,372546482916757
30:A8:DB:F1:BA:05,-59,372546514116652
30:A8:DB:F1:BA:05,-59,372546550199413
30:A8:DB:F1:BA:05,-60,372546588531236
30:A8:DB:F1:BA:05,-59,372546625016235
30:A8:DB:F1:BA:05,-59,372546657718684
30:A8:DB:F1:BA:05,-58,372546687506654
30:A8:DB:F1:BA:05,-60,372546719050819
30:A8:DB:F1:BA:05,-59,372546747788736
30:A8:DB:F1:BA:05,-59,372546788137694
30:A8:DB:F1:BA:05,-59,372546851246496
30:A8:DB:F1:BA:05,-59,372546886898579
30:A8:DB:F1:BA:05,-59,372546925809621
30:A8:DB:F1:BA:05,-69,372551444908994
30:A8:DB:F1:BA:05,-70,372551475002953
30:A8:DB:F1:BA:05,-71,372551553602744
30:A8:DB:F1:BA:05,-68,372551586234307
30:A8:DB:F1:BA:05,-69,372551622339203
30:A8:DB:F1:BA:05,-70,372551655018995
30:A8:DB:F1:BA:05,-70,372551695167797
30:A8:DB:F1:BA:05,-70,372551734476234
30:A8:DB:F1:BA:05,-64,372556874180451
30:A8:DB:F1:BA:05,-66,372596702334499
30:A8:DB:F1:BA:05,-62,372601846848871
30:A8:DB:F1:BA:05,-55,372636546347035
30:A8:DB:F1:BA:05,-65,372641678616253
30:A8:DB:F1:BA:05,-63,372646816323595
30:A8:DB:F1:BA:05,-59,372681495611028
30:A8:DB:F1:BA:05,-62,372691497389724
30:A8:DB:F1:BA:05,-63,372691527452797
30:A8:DB:F1:BA:05,-63,372696457832430
30:A8:DB:F1:BA:05,-63,372696486099044
30:A8:DB:F1:BA:05,-63,372696524740085
30:A8:DB:F1:BA:05,-63,372696554130658
30:A8:DB:F1:BA:05,-63,372696594565658
30:A8:DB:F1:BA:05,-63,372696634781439
30:A8:DB:F1:BA:05,-63,372696669654563
30:A8:DB:F1:BA:05,-63,372696701421752
30:A8:DB:F1:BA:05,-63,372696735288991
30:A8:DB:F1:BA:05,-63,372696770368002
30:A8:DB:F1:BA:05,-63,372696799271856
30:A8:DB:F1:BA:05,-63,372696839851544
30:A8:DB:F1:BA:05,-63,372696878415970
30:A8:DB:F1:BA:05,-63,372696914590657
30:A8:DB:F1:BA:05,-63,372696947251595
30:A8:DB:F1:BA:05,-60,372701428437220
30:A8:DB:F1:BA:05,-61,372701459295761
30:A8:DB:F1:BA:05,-61,372701497846438
30:A8:DB:F1:BA:05,-61,372701527807897
30:A8:DB:F1:BA:05,-60,372701558713625
30:A8:DB:F1:BA:05,-60,372701630217999
30:A8:DB:F1:BA:05,-60,372701660063572
30:A8:DB:F1:BA:05,-60,372701699786853
30:A8:DB:F1:BA:05,-60,372701734543937
30:A8:DB:F1:BA:05,-60,372701767620708
30:A8:DB:F1:BA:05,-61,372701804868260
30:A8:DB:F1:BA:05,-61,372701842035864
30:A8:DB:F1:BA:05,-60,372701873222166
30:A8:DB:F1:BA:05,-60,372701910775812
30:A8:DB:F1:BA:05,-60,372701947520813
30:A8:DB:F1:BA:05,-68,372706489428519
30:A8:DB:F1:BA:05,-67,372706523673780
30:A8:DB:F1:BA:05,-67,372706557380758
30:A8:DB:F1:BA:05,-66,372706596216176
30:A8:DB:F1:BA:05,-67,372706633904977
30:A8:DB:F1:BA:05,-67,372706670213103
30:A8:DB:F1:BA:05,-67,372706701049092
30:A8:DB:F1:BA:05,-67,372706735846331
30:A8:DB:F1:BA:05,-67,372706769867841
30:A8:DB:F1:BA:05,-67,372706806118936
30:A8:DB:F1:BA:05,-67,372706844822738
30:A8:DB:F1:BA:05,-67,372706881150394
30:A8:DB:F1:BA:05,-67,372706919920915
30:A8:DB:F1:BA:05,-63,372711460781225
30:A8:DB:F1:BA:05,-63,372711500851902
30:A8:DB:F1:BA:05,-64,372711539818465
30:A8:DB:F1:BA:05,-64,372711573294454
30:A8:DB:F1:BA:05,-63,372711613419507
30:A8:DB:F1:BA:05,-63,372711653245912
30:A8:DB:F1:BA:05,-63,372711689599193
30:A8:DB:F1:BA:05,-64,372711728593047
30:A8:DB:F1:BA:05,-63,372711758858047
30:A8:DB:F1:BA:05,-63,372711788228308
30:A8:DB:F1:BA:05,-63,372711821489506
30:A8:DB:F1:BA:05,-63,372711860420391
30:A8:DB:F1:BA:05,-63,372711895301746
30:A8:DB:F1:BA:05,-60,372716437937212
30:A8:DB:F1:BA:05,-59,372716469160599
30:A8:DB:F1:BA:05,-60,372716499146067
30:A8:DB:F1:BA:05,-59,372716570761171
30:A8:DB:F1:BA:05,-60,372716602626796
30:A8:DB:F1:BA:05,-60,372716643065702
30:A8:DB:F1:BA:05,-60,372716683143202
30:A8:DB:F1:BA:05,-61,372716712152734
30:A8:DB:F1:BA:05,-61,372716779965754
30:A8:DB:F1:BA:05,-60,372716812579661
30:A8:DB:F1:BA:05,-60,372716852935077
30:A8:DB:F1:BA:05,-60,372716883999400
30:A8:DB:F1:BA:05,-60,372716915303567
30:A8:DB:F1:BA:05,-61,372716955154765
30:A8:DB:F1:BA:05,-65,372721439209139
30:A8:DB:F1:BA:05,-66,372721471004191
30:A8:DB:F1:BA:05,-67,372721503551586
30:A8:DB:F1:BA:05,-68,372721576592733
30:A8:DB:F1:BA:05,-67,372721615567107
30:A8:DB:F1:BA:05,-66,372721655418409
30:A8:DB:F1:BA:05,-67,372721691517211
30:A8:DB:F1:BA:05,-68,372721729924659
30:A8:DB:F1:BA:05,-68,372721764857003
30:A8:DB:F1:BA:05,-68,372721803540908
30:A8:DB:F1:BA:05,-69,372721833569346
30:A8:DB:F1:BA:05,-69,372721870496377
30:A8:DB:F1:BA:05,-69,372721904767367
30:A8:DB:F1:BA:05,-64,372721942244087
30:A8:DB:F1:BA:05,-63,372726452246845
30:A8:DB:F1:BA:05,-63,372726484489449
30:A8:DB:F1:BA:05,-63,372726524341271
30:A8:DB:F1:BA:05,-64,372726559848981
30:A8:DB:F1:BA:05,-64,372726599525698
30:A8:DB:F1:BA:05,-64,372726629645074
30:A8:DB:F1:BA:05,-64,372726694756948
30:A8:DB:F1:BA:05,-64,372726724651688
30:A8:DB:F1:BA:05,-63,372726762147417
30:A8:DB:F1:BA:05,-63,372726796006168
30:A8:DB:F1:BA:05,-64,372726825855751
30:A8:DB:F1:BA:05,-63,372726866220491
30:A8:DB:F1:BA:05,-64,372726896213304
30:A8:DB:F1:BA:05,-63,372726932189241
30:A8:DB:F1:BA:05,-62,372726962154293
30:A8:DB:F1:BA:05,-63,372726992997574
30:A8:DB:F1:BA:05,-61,372731456670958
30:A8:DB:F1:BA:05,-60,372731494215489
30:A8:DB:F1:BA:05,-60,372731532932051
30:A8:DB:F1:BA:05,-60,372731568966478
30:A8:DB:F1:BA:05,-60,372731640364290
30:A8:DB:F1:BA:05,-60,372731681147415
30:A8:DB:F1:BA:05,-60,372731712813509
30:A8:DB:F1:BA:05,-60,372731751412103
30:A8:DB:F1:BA:05,-61,372731812739030
30:A8:DB:F1:BA:05,-60,372731848065332
30:A8:DB:F1:BA:05,-60,372731879674604
30:A8:DB:F1:BA:05,-60,372731914142468
30:A8:DB:F1:BA:05,-60,372731944185384
30:A8:DB:F1:BA:05,-60,372731981200645
30:A8:DB:F1:BA:05,-68,372736462256633
30:A8:DB:F1:BA:05,-68,372736535068351
30:A8:DB:F1:BA:05,-68,372736571262935
30:A8:DB:F1:BA:05,-68,372736606374288
30:A8:DB:F1:BA:05,-68,372736641131996
30:A8:DB:F1:BA:05,-68,372736676459601
30:A8:DB:F1:BA:05,-66,372736708569392
30:A8:DB:F1:BA:05,-67,372736742315017
30:A8:DB:F1:BA:05,-69,372736774867674
30:A8:DB:F1:BA:05,-68,372736806719081
30:A8:DB:F1:BA:05,-68,372736850673351
30:A8:DB:F1:BA:05,-68,372736876862727
30:A8:DB:F1:BA:05,-68,372736948941529
30:A8:DB:F1:BA:05,-67,372736984873872
30:A8:DB:F1:BA:05,-65,372741430357620
30:A8:DB:F1:BA:05,-64,372741467290693
30:A8:DB:F1:BA:05,-65,372741499590640
30:A8:DB:F1:BA:05,-64,372741535781317
30:A8:DB:F1:BA:05,-63,372741569856630
30:A8:DB:F1:BA:05,-63,372741598835745
30:A8:DB:F1:BA:05,-64,372741629120849
30:A8:DB:F1:BA:05,-64,372741666206734
30:A8:DB:F1:BA:05,-63,372741707014130
30:A8:DB:F1:BA:05,-64,372741738406578
30:A8:DB:F1:BA:05,-64,372741777025120
30:A8:DB:F1:BA:05,-64,372741845523817
30:A8:DB:F1:BA:05,-64,372741886122464
30:A8:DB:F1:BA:05,-63,372741920157151
30:A8:DB:F1:BA:05,-61,372746472774805
30:A8:DB:F1:BA:05,-60,372746513352878
30:A8:DB:F1:BA:05,-60,372746548265691
30:A8:DB:F1:BA:05,-60,372746577467982
30:A8:DB:F1:BA:05,-60,372746607944649
30:A8:DB:F1:BA:05,-61,372746637210795
30:A8:DB:F1:BA:05,-61,372746676970379
30:A8:DB:F1:BA:05,-61,372746712892983
30:A8:DB:F1:BA:05,-60,372746745766420
30:A8:DB:F1:BA:05,-60,372746816613138
30:A8:DB:F1:BA:05,-61,372746857532878
30:A8:DB:F1:BA:05,-60,372746894108972
30:A8:DB:F1:BA:05,-60,372746927972930
30:A8:DB:F1:BA:05,-66,372751438838762
30:A8:DB:F1:BA:05,-66,372751508817511
30:A8:DB:F1:BA:05,-66,372751544923553
30:A8:DB:F1:BA:05,-66,372751579954334
30:A8:DB:F1:BA:05,-65,372751617421419
30:A8:DB:F1:BA:05,-66,372751647784388
30:A8:DB:F1:BA:05,-66,372751690592356
30:A8:DB:F1:BA:05,-67,372751719838242
30:A8:DB:F1:BA:05,-67,372751748875585
30:A8:DB:F1:BA:05,-66,372751785220220
30:A8:DB:F1:BA:05,-66,372751815285793
30:A8:DB:F1:BA:05,-66,372751855385324
30:A8:DB:F1:BA:05,-66,372751892363762
30:A8:DB:F1:BA:05,-65,372751922264335
30:A8:DB:F1:BA:05,-66,372751954671938
30:A8:DB:F1:BA:05,-62,372756432211259
30:A8:DB:F1:BA:05,-58,372756467260582
30:A8:DB:F1:BA:05,-63,372756502133291
30:A8:DB:F1:BA:05,-63,372756541138759
30:A8:DB:F1:BA:05,-63,372756576168292
30:A8:DB:F1:BA:05,-63,372756616165948
30:A8:DB:F1:BA:05,-63,372756645827718
30:A8:DB:F1:BA:05,-63,372756680734750
30:A8:DB:F1:BA:05,-62,372756748276469
30:A8:DB:F1:BA:05,-63,372756780688707
30:A8:DB:F1:BA:05,-63,372756815858395
30:A8:DB:F1:BA:05,-63,372756846241885
30:A8:DB:F1:BA:05,-63,372756881817562
30:A8:DB:F1:BA:05,-63,372756912929385
30:A8:DB:F1:BA:05,-63,372756947975896
30:A8:DB:F1:BA:05,-60,372761438451831
30:A8:DB:F1:BA:05,-60,372761477391258
30:A8:DB:F1:BA:05,-60,372761509089801
30:A8:DB:F1:BA:05,-59,372761544429332
30:A8:DB:F1:BA:05,-59,372761579312664
30:A8:DB:F1:BA:05,-60,372761614095997
30:A8:DB:F1:BA:05,-60,372761644223914
30:A8:DB:F1:BA:05,-60,372761675408706
30:A8:DB:F1:BA:05,-60,372761715577195
30:A8:DB:F1:BA:05,-60,372761748110946
30:A8:DB:F1:BA:05,-60,372761783999591
30:A8:DB:F1:BA:05,-59,372761846334331
30:A8:DB:F1:BA:05,-60,372761884924383
30:A8:DB:F1:BA:05,-60,372761916832507
30:A8:DB:F1:BA:05,-61,372761950446153
30:A8:DB:F1:BA:05,-68,372766461190528
30:A8:DB:F1:BA:05,-64,372766567045996
30:A8:DB:F1:BA:05,-64,372766603731985
30:A8:DB:F1:BA:05,-67,372766699358965
30:A8:DB:F1:BA:05,-67,372766736886204
30:A8:DB:F1:BA:05,-67,372766771710371
30:A8:DB:F1:BA:05,-67,372766847180893
30:A8:DB:F1:BA:05,-67,372766907876100
30:A8:DB:F1:BA:05,-67,372766942147610
30:A8:DB:F1:BA:05,-62,372771448495160
30:A8:DB:F1:BA:05,-62,372771477587921
30:A8:DB:F1:BA:05,-62,372771514529743
30:A8:DB:F1:BA:05,-62,372771548114379
30:A8:DB:F1:BA:05,-62,372771578250421
30:A8:DB:F1:BA:05,-62,372771609155942
30:A8:DB:F1:BA:05,-62,372771646068338
30:A8:DB:F1:BA:05,-61,372771682530057
30:A8:DB:F1:BA:05,-64,372771722245317
30:A8:DB:F1:BA:05,-63,372771759649693
30:A8:DB:F1:BA:05,-63,372771789721620
30:A8:DB:F1:BA:05,-62,372771820866828
30:A8:DB:F1:BA:05,-62,372771854661670
30:A8:DB:F1:BA:05,-62,372771894740212
30:A8:DB:F1:BA:05,-63,372771928442140
30:A8:DB:F1:BA:05,-62,372771960817504
30:A8:DB:F1:BA:05,-62,372771997173441
30:A8:DB:F1:BA:05,-60,372776438696566
30:A8:DB:F1:BA:05,-59,372776470674221
30:A8:DB:F1:BA:05,-60,372776538139118
30:A8:DB:F1:BA:05,-60,372776606234170
30:A8:DB:F1:BA:05,-60,372776635433648
30:A8:DB:F1:BA:05,-60,372776675848804
30:A8:DB:F1:BA:05,-60,372776708638596
30:A8:DB:F1:BA:05,-60,372776743316461
30:A8:DB:F1:BA:05,-59,372776782204377
30:A8:DB:F1:BA:05,-59,372776820582711
30:A8:DB:F1:BA:05,-59,372776854496721
30:A8:DB:F1:BA:05,-59,372776889521566
30:A8:DB:F1:BA:05,-59,372776921493128
30:A8:DB:F1:BA:05,-59,372776956893910
30:A8:DB:F1:BA:05,-68,372781447090469
30:A8:DB:F1:BA:05,-67,372781476229323
30:A8:DB:F1:BA:05,-67,372781550603855
30:A8:DB:F1:BA:05,-65,372781616136511
30:A8:DB:F1:BA:05,-65,372781647524376
30:A8:DB:F1:BA:05,-66,372781679898699
30:A8:DB:F1:BA:05,-65,372781786513491
30:A8:DB:F1:BA:05,-65,372781815100053
30:A8:DB:F1:BA:05,-66,372781850764689
30:A8:DB:F1:BA:05,-65,372781887397918
30:A8:DB:F1:BA:05,-65,372781924437709
30:A8:DB:F1:BA:05,-65,372781958165625
30:A8:DB:F1:BA:05,-64,372786460056094
30:A8:DB:F1:BA:05,-62,372786501088175
30:A8:DB:F1:BA:05,-64,372786533280208
30:A8:DB:F1:BA:05,-64,372786572351770
30:A8:DB:F1:BA:05,-61,372786609651456
30:A8:DB:F1:BA:05,-65,372786639757602
30:A8:DB:F1:BA:05,-65,372786676281353
30:A8:DB:F1:BA:05,-65,372786708302186
30:A8:DB:F1:BA:05,-64,372786739510050
30:A8:DB:F1:BA:05,-64,372786774350467
30:A8:DB:F1:BA:05,-64,372786852412758
30:A8:DB:F1:BA:05,-64,372786882629895
30:A8:DB:F1:BA:05,-63,372786921018540
30:A8:DB:F1:BA:05,-63,372786950877550
30:A8:DB:F1:BA:05,-59,372791481573382
30:A8:DB:F1:BA:05,-59,372791561990309
30:A8:DB:F1:BA:05,-59,372791597503382
30:A8:DB:F1:BA:05,-59,372791627357340
30:A8:DB:F1:BA:05,-59,372791662342340
30:A8:DB:F1:BA:05,-59,372791702902964
30:A8:DB:F1:BA:05,-59,372791733046924
30:A8:DB:F1:BA:05,-59,372791771743487
30:A8:DB:F1:BA:05,-55,372791802984268
30:A8:DB:F1:BA:05,-59,372791840406820
30:A8:DB:F1:BA:05,-59,372791873066664
30:A8:DB:F1:BA:05,-59,372791903377914
30:A8:DB:F1:BA:05,-55,372791971685830
30:A8:DB:F1:BA:05,-67,372796456208276
30:A8:DB:F1:BA:05,-67,372796494923640
30:A8:DB:F1:BA:05,-67,372796564226817
30:A8:DB:F1:BA:05,-67,372796601020881
30:A8:DB:F1:BA:05,-67,372796641020880
30:A8:DB:F1:BA:05,-67,372796673719161
30:A8:DB:F1:BA:05,-67,372796704816661
30:A8:DB:F1:BA:05,-67,372796739858433
30:A8:DB:F1:BA:05,-67,372796773518693
30:A8:DB:F1:BA:05,-67,372796807446296
30:A8:DB:F1:BA:05,-66,372796843618537
30:A8:DB:F1:BA:05,-67,372796878608745
30:A8:DB:F1:BA:05,-67,372796918774161
30:A8:DB:F1:BA:05,-65,372796953563171
30:A8:DB:F1:BA:05,-62,372801460816087
30:A8:DB:F1:BA:05,-63,372801498530358
30:A8:DB:F1:BA:05,-61,372801533139160
30:A8:DB:F1:BA:05,-63,372801593463794
30:A8:DB:F1:BA:05,-62,372801629624680
30:A8:DB:F1:BA:05,-62,372801659603013
30:A8:DB:F1:BA:05,-62,372801689646294
30:A8:DB:F1:BA:05,-62,372801788334837
30:A8:DB:F1:BA:05,-62,372801822280983
30:A8:DB:F1:BA:05,-61,372801860886086
30:A8:DB:F1:BA:05,-62,372801899147805
30:A8:DB:F1:BA:05,-62,372801938647024
30:A8:DB:F1:BA:05,-58,372801968395617
30:A8:DB:F1:BA:05,-59,372806468697961
30:A8:DB:F1:BA:05,-59,372806505318065
30:A8:DB:F1:BA:05,-60,372806548339367
30:A8:DB:F1:BA:05,-60,372806583881084
30:A8:DB:F1:BA:05,-59,372806612789002
30:A8:DB:F1:BA:05,-59,372806642704470
30:A8:DB:F1:BA:05,-58,372806678143064
30:A8:DB:F1:BA:05,-60,372806712850043
30:A8:DB:F1:BA:05,-59,372806750337386
30:A8:DB:F1:BA:05,-59,372806788108168
30:A8:DB:F1:BA:05,-59,372806855072907
30:A8:DB:F1:BA:05,-59,372806855426865
30:A8:DB:F1:BA:05,-60,372806878549470
30:A8:DB:F1:BA:05,-59,372806913552230
30:A8:DB:F1:BA:05,-59,372806948095408
30:A8:DB:F1:BA:05,-67,372811442502073
30:A8:DB:F1:BA:05,-67,372811476344312
30:A8:DB:F1:BA:05,-67,372811508611603
30:A8:DB:F1:BA:05,-67,372811544950406
30:A8:DB:F1:BA:05,-67,372811578214104
30:A8:DB:F1:BA:05,-67,372811611847697
30:A8:DB:F1:BA:05,-67,372811644811031
30:A8:DB:F1:BA:05,-67,372811678303166
30:A8:DB:F1:BA:05,-67,372811713190041
30:A8:DB:F1:BA:05,-67,372811743572176
30:A8:DB:F1:BA:05,-67,372811782190926
30:A8:DB:F1:BA:05,-67,372811812405249
30:A8:DB:F1:BA:05,-66,372811847729677
30:A8:DB:F1:BA:05,-67,372811886170041
30:A8:DB:F1:BA:05,-67,372811922720406
30:A8:DB:F1:BA:05,-66,372811952368687
30:A8:DB:F1:BA:05,-58,372816446575249
30:A8:DB:F1:BA:05,-62,372816477082749
30:A8:DB:F1:BA:05,-61,372816507794728
30:A8:DB:F1:BA:05,-61,372816548210665
30:A8:DB:F1:BA:05,-62,372816575637540
30:A8:DB:F1:BA:05,-62,372816612954936
30:A8:DB:F1:BA:05,-63,372816649614727
30:A8:DB:F1:BA:05,-61,372816680254831
30:A8:DB:F1:BA:05,-61,372816713956706
30:A8:DB:F1:BA:05,-58,372816753003528
30:A8:DB:F1:BA:05,-62,372816791935769
30:A8:DB:F1:BA:05,-62,372816823460612
30:A8:DB:F1:BA:05,-58,372816858964883
30:A8:DB:F1:BA:05,-58,372816891141289
30:A8:DB:F1:BA:05,-62,372816927126654
30:A8:DB:F1:BA:05,-62,372816964717643
30:A8:DB:F1:BA:05,-59,372821451081027
30:A8:DB:F1:BA:05,-59,372821490605141
30:A8:DB:F1:BA:05,-55,372821531168526
30:A8:DB:F1:BA:05,-59,372821571514620
30:A8:DB:F1:BA:05,-59,372821599918318
30:A8:DB:F1:BA:05,-55,372821634700453
30:A8:DB:F1:BA:05,-55,372821668101651
30:A8:DB:F1:BA:05,-58,372821702327172
30:A8:DB:F1:BA:05,-59,372821736541026
30:A8:DB:F1:BA:05,-59,372821768824933
30:A8:DB:F1:BA:05,-59,372821803331808
30:A8:DB:F1:BA:05,-59,372821836252537
30:A8:DB:F1:BA:05,-59,372821871023266
30:A8:DB:F1:BA:05,-55,372821911058474
30:A8:DB:F1:BA:05,-59,372821947432120
30:A8:DB:F1:BA:05,-69,372826455123473
30:A8:DB:F1:BA:05,-69,372826486117275
30:A8:DB:F1:BA:05,-69,372826524708994
30:A8:DB:F1:BA:05,-68,372826564046181
30:A8:DB:F1:BA:05,-69,372826592288630
30:A8:DB:F1:BA:05,-68,372826630940816
30:A8:DB:F1:BA:05,-69,372826664633004
30:A8:DB:F1:BA:05,-69,372826696095139
30:A8:DB:F1:BA:05,-68,372826726872587
30:A8:DB:F1:BA:05,-69,372826765474045
30:A8:DB:F1:BA:05,-69,372826804201805
30:A8:DB:F1:BA:05,-68,372826844452274
30:A8:DB:F1:BA:05,-69,372826881283160
30:A8:DB:F1:BA:05,-69,372826921407222
30:A8:DB:F1:BA:05,-69,372826957170660
30:A8:DB:F1:BA:05,-62,372831434481284
30:A8:DB:F1:BA:05,-62,372831469517430
30:A8:DB:F1:BA:05,-63,372831504388992
30:A8:DB:F1:BA:05,-62,372831543837482
30:A8:DB:F1:BA:05,-63,372831573288836
30:A8:DB:F1:BA:05,-62,372831604449616
30:A8:DB:F1:BA:05,-63,372831637100033
30:A8:DB:F1:BA:05,-62,372831672279825
30:A8:DB:F1:BA:05,-62,372831708437013
30:A8:DB:F1:BA:05,-62,372831736584409
30:A8:DB:F1:BA:05,-62,372831775510554
30:A8:DB:F1:BA:05,-63,372831805142116
30:A8:DB:F1:BA:05,-61,372831842373211
30:A8:DB:F1:BA:05,-63,372831874921961
30:A8:DB:F1:BA:05,-62,372831905430919
30:A8:DB:F1:BA:05,-62,372831942040137
30:A8:DB:F1:BA:05,-62,372831978191231
30:A8:DB:F1:BA:05,-60,372836439366543
30:A8:DB:F1:BA:05,-61,372836508823259
30:A8:DB:F1:BA:05,-61,372836545177376
30:A8:DB:F1:BA:05,-61,372836586764355
30:A8:DB:F1:BA:05,-62,372836618507532
30:A8:DB:F1:BA:05,-61,372836657291751
30:A8:DB:F1:BA:05,-59,372836730128677
30:A8:DB:F1:BA:05,-60,372836769008208
30:A8:DB:F1:BA:05,-60,372836803923834
30:A8:DB:F1:BA:05,-59,372836837751074
30:A8:DB:F1:BA:05,-55,372836871633781
30:A8:DB:F1:BA:05,-55,372836905231437
30:A8:DB:F1:BA:05,-58,372866452954812
30:A8:DB:F1:BA:05,-89,372871587651424
30:A8:DB:F1:BA:05,-60,372876713023714
30:A8:DB:F1:BA:05,-57,372881847825795
30:A8:DB:F1:BA:05,-73,372886976290220
30:A8:DB:F1:BA:05,-78,372916500054220
30:A8:DB:F1:BA:05,-58,372926775691351
30:A8:DB:F1:BA:05,-80,372931911812756
30:A8:DB:F1:BA:05,-80,372961466308525
30:A8:DB:F1:BA:05,-60,372966597221701
30:A8:DB:F1:BA:05,-58,372971741780917
30:A8:DB:F1:BA:05,-75,372976880058415
30:A8:DB:F1:BA:05,-75,372995908592939
30:A8:DB:F1:BA:05,-61,373001457940385
30:A8:DB:F1:BA:05,-61,373001486384969
30:A8:DB:F1:BA:05,-61,373001521861583
30:A8:DB:F1:BA:05,-62,373001552976843
30:A8:DB:F1:BA:05,-62,373001587451739
30:A8:DB:F1:BA:05,-61,373001626166844
30:A8:DB:F1:BA:05,-61,373001663559500
30:A8:DB:F1:BA:05,-60,373001698878718
30:A8:DB:F1:BA:05,-62,373001734393718
30:A8:DB:F1:BA:05,-62,373001763995489
30:A8:DB:F1:BA:05,-62,373001798124553
30:A8:DB:F1:BA:05,-62,373001828329292
30:A8:DB:F1:BA:05,-62,373001893956270
30:A8:DB:F1:BA:05,-62,373001933380958
30:A8:DB:F1:BA:05,-62,373001964455645
30:A8:DB:F1:BA:05,-61,373002000481062
30:A8:DB:F1:BA:05,-59,373006450957260
30:A8:DB:F1:BA:05,-55,373006479109239
30:A8:DB:F1:BA:05,-59,373006508275854
30:A8:DB:F1:BA:05,-59,373006540712989
30:A8:DB:F1:BA:05,-59,373006615145643
30:A8:DB:F1:BA:05,-59,373006642615800
30:A8:DB:F1:BA:05,-58,373006678061894
30:A8:DB:F1:BA:05,-59,373006716701478
30:A8:DB:F1:BA:05,-59,373006750872311
30:A8:DB:F1:BA:05,-59,373006784548613
30:A8:DB:F1:BA:05,-59,373006816293717
30:A8:DB:F1:BA:05,-60,373006850975592
30:A8:DB:F1:BA:05,-59,373006889671217
30:A8:DB:F1:BA:05,-59,373006921359185
30:A8:DB:F1:BA:05,-59,373006956740592
30:A8:DB:F1:BA:05,-77,373011510696685
30:A8:DB:F1:BA:05,-77,373011539017362
30:A8:DB:F1:BA:05,-73,373011600711007
30:A8:DB:F1:BA:05,-77,373011671631267
30:A8:DB:F1:BA:05,-76,373011709401006
30:A8:DB:F1:BA:05,-78,373011780898247
30:A8:DB:F1:BA:05,-79,373011880380174
30:A8:DB:F1:BA:05,-78,373011915601632
30:A8:DB:F1:BA:05,-78,373011946601528
30:A8:DB:F1:BA:05,-73,373011976526059
30:A8:DB:F1:BA:05,-58,373016466617672
30:A8:DB:F1:BA:05,-61,373016504104442
30:A8:DB:F1:BA:05,-61,373016534371004
30:A8:DB:F1:BA:05,-60,373016603877098
30:A8:DB:F1:BA:05,-61,373016642830900
30:A8:DB:F1:BA:05,-61,373016682491525
30:A8:DB:F1:BA:05,-61,373016712731785
30:A8:DB:F1:BA:05,-61,373016749228452
30:A8:DB:F1:BA:05,-61,373016784135952
30:A8:DB:F1:BA:05,-61,373016813546577
30:A8:DB:F1:BA:05,-61,373016848508921
30:A8:DB:F1:BA:05,-58,373016883340483
30:A8:DB:F1:BA:05,-60,373016917200327
30:A8:DB:F1:BA:05,-61,373016952615119
30:A8:DB:F1:BA:05,-62,373016986662776
30:A8:DB:F1:BA:05,-58,373021461135585
30:A8:DB:F1:BA:05,-58,373021499351731
30:A8:DB:F1:BA:05,-58,373021539058190
30:A8:DB:F1:BA:05,-58,373021577939700
30:A8:DB:F1:BA:05,-57,373021609353190
30:A8:DB:F1:BA:05,-57,373021640821054
30:A8:DB:F1:BA:05,-58,373021670688033
30:A8:DB:F1:BA:05,-58,373021710686002
30:A8:DB:F1:BA:05,-58,373021743361107
30:A8:DB:F1:BA:05,-59,373021777134441
30:A8:DB:F1:BA:05,-58,373021818232773
30:A8:DB:F1:BA:05,-58,373021892056158
30:A8:DB:F1:BA:05,-58,373021924733242
30:A8:DB:F1:BA:05,-75,373026521074439
30:A8:DB:F1:BA:05,-76,373026557218084
30:A8:DB:F1:BA:05,-75,373026594151834
30:A8:DB:F1:BA:05,-76,373026634252563
30:A8:DB:F1:BA:05,-75,373026665313240
30:A8:DB:F1:BA:05,-74,373026704046625
30:A8:DB:F1:BA:05,-75,373026740277563
30:A8:DB:F1:BA:05,-70,373026808996887
30:A8:DB:F1:BA:05,-75,373026843089958
30:A8:DB:F1:BA:05,-75,373026905359282
30:A8:DB:F1:BA:05,-74,373026935247458
30:A8:DB:F1:BA:05,-74,373026965356365
30:A8:DB:F1:BA:05,-60,373031464137666
30:A8:DB:F1:BA:05,-60,373031502495061
30:A8:DB:F1:BA:05,-59,373031532801988
30:A8:DB:F1:BA:05,-60,373031563889175
30:A8:DB:F1:BA:05,-59,373031593987509
30:A8:DB:F1:BA:05,-59,373031627748186
30:A8:DB:F1:BA:05,-59,373031663945634
30:A8:DB:F1:BA:05,-59,373031696873031
30:A8:DB:F1:BA:05,-59,373031726565115
30:A8:DB:F1:BA:05,-59,373031767744698
30:A8:DB:F1:BA:05,-60,373031803108603
30:A8:DB:F1:BA:05,-60,373031840710634
30:A8:DB:F1:BA:05,-61,373031878033863
30:A8:DB:F1:BA:05,-62,373031906640269
30:A8:DB:F1:BA:05,-61,373031936669227
30:A8:DB:F1:BA:05,-61,373031967272925
30:A8:DB:F1:BA:05,-58,373036474603132
30:A8:DB:F1:BA:05,-58,373036507266673
30:A8:DB:F1:BA:05,-57,373036541901726
30:A8:DB:F1:BA:05,-57,373036577285164
30:A8:DB:F1:BA:05,-59,373036612133601
30:A8:DB:F1:BA:05,-58,373036647434330
30:A8:DB:F1:BA:05,-58,373036685869383
30:A8:DB:F1:BA:05,-58,373036724580893
30:A8:DB:F1:BA:05,-58,373036764787247
30:A8:DB:F1:BA:05,-58,373036794980372
30:A8:DB:F1:BA:05,-58,373036827901831
30:A8:DB:F1:BA:05,-57,373036859074748
30:A8:DB:F1:BA:05,-58,373036890228862
30:A8:DB:F1:BA:05,-58,373036922209017
30:A8:DB:F1:BA:05,-58,373036953322090
30:A8:DB:F1:BA:05,-72,373041468463965
30:A8:DB:F1:BA:05,-74,373041501818964
30:A8:DB:F1:BA:05,-74,373041530396985
30:A8:DB:F1:BA:05,-73,373041564208860
30:A8:DB:F1:BA:05,-74,373041605655266
30:A8:DB:F1:BA:05,-74,373041639558183
30:A8:DB:F1:BA:05,-74,373041673856932
30:A8:DB:F1:BA:05,-74,373041706424485
30:A8:DB:F1:BA:05,-74,373041741204276
30:A8:DB:F1:BA:05,-74,373041774897557
30:A8:DB:F1:BA:05,-74,373041810903912
30:A8:DB:F1:BA:05,-73,373041848971255
30:A8:DB:F1:BA:05,-73,373041885610474
30:A8:DB:F1:BA:05,-74,373041920366256
30:A8:DB:F1:BA:05,-73,373041950316048
30:A8:DB:F1:BA:05,-74,373041980383652
30:A8:DB:F1:BA:05,-74,373042014084641
30:A8:DB:F1:BA:05,-60,373046450258181
30:A8:DB:F1:BA:05,-60,373046489237451
30:A8:DB:F1:BA:05,-61,373046523539378
30:A8:DB:F1:BA:05,-61,373046562218805
30:A8:DB:F1:BA:05,-60,373046592154222
30:A8:DB:F1:BA:05,-60,373046626265004
30:A8:DB:F1:BA:05,-59,373046695270889
30:A8:DB:F1:BA:05,-60,373046728433180
30:A8:DB:F1:BA:05,-61,373046762586409
30:A8:DB:F1:BA:05,-60,373046792544691
30:A8:DB:F1:BA:05,-60,373046830092242
30:A8:DB:F1:BA:05,-60,373046868678180
30:A8:DB:F1:BA:05,-60,373046899072139
30:A8:DB:F1:BA:05,-61,373046929034274
30:A8:DB:F1:BA:05,-59,373051470035731
30:A8:DB:F1:BA:05,-58,373051499961408
30:A8:DB:F1:BA:05,-59,373051529615002
30:A8:DB:F1:BA:05,-58,373051563408022
30:A8:DB:F1:BA:05,-58,373051597711565
30:A8:DB:F1:BA:05,-58,373051634689169
30:A8:DB:F1:BA:05,-55,373051674729846
30:A8:DB:F1:BA:05,-58,373051709647190
30:A8:DB:F1:BA:05,-58,373051744910106
30:A8:DB:F1:BA:05,-58,373051813344428
30:A8:DB:F1:BA:05,-58,373051843352293
30:A8:DB:F1:BA:05,-59,373051876265680
30:A8:DB:F1:BA:05,-59,373051914633439
30:A8:DB:F1:BA:05,-58,373051946254325
30:A8:DB:F1:BA:05,-59,373051974152137
30:A8:DB:F1:BA:05,-75,373056498382812
30:A8:DB:F1:BA:05,-75,373056532014844
30:A8:DB:F1:BA:05,-75,373056563284895
30:A8:DB:F1:BA:05,-75,373056600751041
30:A8:DB:F1:BA:05,-75,373056636128230
30:A8:DB:F1:BA:05,-76,373056665778698
30:A8:DB:F1:BA:05,-76,373056698520000
30:A8:DB:F1:BA:05,-75,373056738546093
30:A8:DB:F1:BA:05,-72,373056774483542
30:A8:DB:F1:BA:05,-73,373056814466197
30:A8:DB:F1:BA:05,-76,373056846099166
30:A8:DB:F1:BA:05,-76,373056884697083
30:A8:DB:F1:BA:05,-75,373056950891770
30:A8:DB:F1:BA:05,-61,373061452623541
30:A8:DB:F1:BA:05,-61,373061485333018
30:A8:DB:F1:BA:05,-61,373061523730206
30:A8:DB:F1:BA:05,-61,373061556941144
30:A8:DB:F1:BA:05,-61,373061585126456
30:A8:DB:F1:BA:05,-62,373061620095259
30:A8:DB:F1:BA:05,-61,373061650265102
30:A8:DB:F1:BA:05,-58,373061680662967
30:A8:DB:F1:BA:05,-61,373061715355988
30:A8:DB:F1:BA:05,-62,373061749349477
30:A8:DB:F1:BA:05,-61,373061785990519
30:A8:DB:F1:BA:05,-61,373061823621508
30:A8:DB:F1:BA:05,-61,373061858657810
30:A8:DB:F1:BA:05,-63,373061891980518
30:A8:DB:F1:BA:05,-62,373061920103956
30:A8:DB:F1:BA:05,-63,373061956897758
30:A8:DB:F1:BA:05,-58,373066500789112
30:A8:DB:F1:BA:05,-59,373066535218225
30:A8:DB:F1:BA:05,-55,373066568025986
30:A8:DB:F1:BA:05,-59,373066598014788
30:A8:DB:F1:BA:05,-58,373066629165569
30:A8:DB:F1:BA:05,-59,373066667329424
30:A8:DB:F1:BA:05,-58,373066708293277
30:A8:DB:F1:BA:05,-58,373066744486870
30:A8:DB:F1:BA:05,-58,373066815635412
30:A8:DB:F1:BA:05,-58,373066880735310
30:A8:DB:F1:BA:05,-58,373066918253487
30:A8:DB:F1:BA:05,-58,373066953274997
30:A8:DB:F1:BA:05,-77,373071455038328
30:A8:DB:F1:BA:05,-73,373071486147547
30:A8:DB:F1:BA:05,-77,373071519058431
30:A8:DB:F1:BA:05,-77,373071555314837
30:A8:DB:F1:BA:05,-77,373071589367494
30:A8:DB:F1:BA:05,-77,373071629210047
30:A8:DB:F1:BA:05,-76,373071698715724
30:A8:DB:F1:BA:05,-77,373071735273847
30:A8:DB:F1:BA:05,-75,373071770150931
30:A8:DB:F1:BA:05,-75,373071807148379
30:A8:DB:F1:BA:05,-76,373071841570566
30:A8:DB:F1:BA:05,-76,373071876647285
30:A8:DB:F1:BA:05,-76,373071910283431
30:A8:DB:F1:BA:05,-62,373076513195356
30:A8:DB:F1:BA:05,-62,373076546475460
30:A8:DB:F1:BA:05,-61,373076581386138
30:A8:DB:F1:BA:05,-62,373076619009524
30:A8:DB:F1:BA:05,-62,373076650530617
30:A8:DB:F1:BA:05,-63,373076682730617
30:A8:DB:F1:BA:05,-61,373076749999523
30:A8:DB:F1:BA:05,-60,373076784854835
30:A8:DB:F1:BA:05,-62,373076819792856
30:A8:DB:F1:BA:05,-62,373076855481710
30:A8:DB:F1:BA:05,-61,373076890118637
30:A8:DB:F1:BA:05,-58,373076929874210
30:A8:DB:F1:BA:05,-62,373076967673899
30:A8:DB:F1:BA:05,-57,373081442089574
30:A8:DB:F1:BA:05,-57,373081516216761
30:A8:DB:F1:BA:05,-57,373081590309989
30:A8:DB:F1:BA:05,-57,373081618801865
30:A8:DB:F1:BA:05,-58,373081654106708
30:A8:DB:F1:BA:05,-58,373081692585875
30:A8:DB:F1:BA:05,-58,373081723840720
30:A8:DB:F1:BA:05,-57,373081762611969
30:A8:DB:F1:BA:05,-57,373081796805459
30:A8:DB:F1:BA:05,-58,373081833411501
30:A8:DB:F1:BA:05,-58,373081869625927
30:A8:DB:F1:BA:05,-58,373081900042281
30:A8:DB:F1:BA:05,-58,373081937625303
30:A8:DB:F1:BA:05,-74,373086458522802
30:A8:DB:F1:BA:05,-74,373086564049259
30:A8:DB:F1:BA:05,-76,373086597053634
30:A8:DB:F1:BA:05,-76,373086629342697
30:A8:DB:F1:BA:05,-77,373086659996030
30:A8:DB:F1:BA:05,-76,373086698776759
30:A8:DB:F1:BA:05,-75,373086739895664
30:A8:DB:F1:BA:05,-74,373086815118165
30:A8:DB:F1:BA:05,-73,373086849005509
30:A8:DB:F1:BA:05,-73,373086879152488
30:A8:DB:F1:BA:05,-72,373086910592592
30:A8:DB:F1:BA:05,-72,373086939089727
30:A8:DB:F1:BA:05,-62,373091542057383
30:A8:DB:F1:BA:05,-61,373091572226081
30:A8:DB:F1:BA:05,-61,373091608331914
30:A8:DB:F1:BA:05,-61,373091644293268
30:A8:DB:F1:BA:05,-61,373091678834883
30:A8:DB:F1:BA:05,-61,373091707855300
30:A8:DB:F1:BA:05,-62,373091737191862
30:A8:DB:F1:BA:05,-62,373091769911184
30:A8:DB:F1:BA:05,-60,373091805804986
30:A8:DB:F1:BA:05,-60,373091835642746
30:A8:DB:F1:BA:05,-60,373091865844830
30:A8:DB:F1:BA:05,-61,373091900566757
30:A8:DB:F1:BA:05,-61,373091930725351
30:A8:DB:F1:BA:05,-61,373091967613684
30:A8:DB:F1:BA:05,-56,373096531335661
30:A8:DB:F1:BA:05,-57,373096569241286
30:A8:DB:F1:BA:05,-56,373096605089254
30:A8:DB:F1:BA:05,-56,373096642825036
30:A8:DB:F1:BA:05,-56,373096672880557
30:A8:DB:F1:BA:05,-57,373096702327848
30:A8:DB:F1:BA:05,-56,373096735156754
30:A8:DB:F1:BA:05,-57,373096774982692
30:A8:DB:F1:BA:05,-56,373096801514046
30:A8:DB:F1:BA:05,-56,373096832734098
30:A8:DB:F1:BA:05,-57,373096870688265
30:A8:DB:F1:BA:05,-57,373096905752171
30:A8:DB:F1:BA:05,-57,373096940677692
30:A8:DB:F1:BA:05,-57,373096975684724
30:A8:DB:F1:BA:05,-78,373101461963733
30:A8:DB:F1:BA:05,-77,373101499412171
30:A8:DB:F1:BA:05,-79,373101537826337
30:A8:DB:F1:BA:05,-74,373101569493004
30:A8:DB:F1:BA:05,-75,373101608469983
30:A8:DB:F1:BA:05,-78,373101647658629
30:A8:DB:F1:BA:05,-79,373101678080192
30:A8:DB:F1:BA:05,-80,373101750617587
30:A8:DB:F1:BA:05,-79,373101788114254
30:A8:DB:F1:BA:05,-79,373101822804046
30:A8:DB:F1:BA:05,-78,373101852857951
30:A8:DB:F1:BA:05,-78,373101888414201
30:A8:DB:F1:BA:05,-80,373101919627847
30:A8:DB:F1:BA:05,-78,373101957082014
30:A8:DB:F1:BA:05,-79,373101992361909
30:A8:DB:F1:BA:05,-60,373106465699980
30:A8:DB:F1:BA:05,-60,373106537263419
30:A8:DB:F1:BA:05,-60,373106571675242
30:A8:DB:F1:BA:05,-60,373106608202950
30:A8:DB:F1:BA:05,-60,373106645290866
30:A8:DB:F1:BA:05,-61,373106680612324
30:A8:DB:F1:BA:05,-61,373106714010710
30:A8:DB:F1:BA:05,-61,373106752920710
30:A8:DB:F1:BA:05,-60,373106784341074
30:A8:DB:F1:BA:05,-61,373106859467742
30:A8:DB:F1:BA:05,-60,373106895819304
30:A8:DB:F1:BA:05,-60,373106924405188
30:A8:DB:F1:BA:05,-59,373106954409616
30:A8:DB:F1:BA:05,-61,373106993142845
30:A8:DB:F1:BA:05,-58,373111450476176
30:A8:DB:F1:BA:05,-58,373111480009407
30:A8:DB:F1:BA:05,-58,373111512374926
30:A8:DB:F1:BA:05,-59,373111546676907
30:A8:DB:F1:BA:05,-55,373111577157636
30:A8:DB:F1:BA:05,-59,373111606445447
30:A8:DB:F1:BA:05,-58,373111650553728
30:A8:DB:F1:BA:05,-58,373111677582895
30:A8:DB:F1:BA:05,-59,373111711265187
30:A8:DB:F1:BA:05,-58,373111742664146
30:A8:DB:F1:BA:05,-58,373111781406906
30:A8:DB:F1:BA:05,-59,373111821364874
30:A8:DB:F1:BA:05,-59,373111851354615
30:A8:DB:F1:BA:05,-59,373111890201542
30:A8:DB:F1:BA:05,-59,373111918921229
30:A8:DB:F1:BA:05,-59,373111979720917
30:A8:DB:F1:BA:05,-75,373116450751540
30:A8:DB:F1:BA:05,-75,373116487188207
30:A8:DB:F1:BA:05,-75,373116517853832
30:A8:DB:F1:BA:05,-75,373116550818571
30:A8:DB:F1:BA:05,-75,373116588051383
30:A8:DB:F1:BA:05,-74,373116617016122
30:A8:DB:F1:BA:05,-74,373116653561278
30:A8:DB:F1:BA:05,-72,373116688713468
30:A8:DB:F1:BA:05,-73,373116720889457
30:A8:DB:F1:BA:05,-73,373116759551957
30:A8:DB:F1:BA:05,-73,373116796022322
30:A8:DB:F1:BA:05,-73,373116833503571
30:A8:DB:F1:BA:05,-73,373116866689458
30:A8:DB:F1:BA:05,-73,373116901751800
30:A8:DB:F1:BA:05,-69,373116943319143
30:A8:DB:F1:BA:05,-60,373121458753830
30:A8:DB:F1:BA:05,-62,373121495569871
30:A8:DB:F1:BA:05,-61,373121530600132
30:A8:DB:F1:BA:05,-61,373121571539558
30:A8:DB:F1:BA:05,-62,373121600648881
30:A8:DB:F1:BA:05,-61,373121638758100
30:A8:DB:F1:BA:05,-61,373121669427370
30:A8:DB:F1:BA:05,-58,373121707767631
30:A8:DB:F1:BA:05,-61,373121748835443
30:A8:DB:F1:BA:05,-62,373121778234610
30:A8:DB:F1:BA:05,-61,373121815258672
30:A8:DB:F1:BA:05,-62,373121848105027
30:A8:DB:F1:BA:05,-62,373121877487683
30:A8:DB:F1:BA:05,-62,373121916775861
30:A8:DB:F1:BA:05,-62,373121951828725
30:A8:DB:F1:BA:05,-58,373126443922056
30:A8:DB:F1:BA:05,-57,373126473791795
30:A8:DB:F1:BA:05,-58,373126507809035
30:A8:DB:F1:BA:05,-59,373126542847160
30:A8:DB:F1:BA:05,-59,373126578376952
30:A8:DB:F1:BA:05,-58,373126613360441
30:A8:DB:F1:BA:05,-55,373126643255441
30:A8:DB:F1:BA:05,-59,373126678818619
30:A8:DB:F1:BA:05,-59,373126712145910
30:A8:DB:F1:BA:05,-58,373126752571170
30:A8:DB:F1:BA:05,-57,373126785834087
30:A8:DB:F1:BA:05,-58,373126827005962
30:A8:DB:F1:BA:05,-58,373126854910493
30:A8:DB:F1:BA:05,-59,373126885075598
30:A8:DB:F1:BA:05,-58,373126919378046
30:A8:DB:F1:BA:05,-59,373126955233098
30:A8:DB:F1:BA:05,-74,373131463091689
30:A8:DB:F1:BA:05,-74,373131498236012
30:A8:DB:F1:BA:05,-74,373131537475596
30:A8:DB:F1:BA:05,-74,373131577994241
30:A8:DB:F1:BA:05,-74,373131610608669
30:A8:DB:F1:BA:05,-74,373131642300023
30:A8:DB:F1:BA:05,-74,373131681236325
30:A8:DB:F1:BA:05,-74,373131718998148
30:A8:DB:F1:BA:05,-74,373131754672366
30:A8:DB:F1:BA:05,-74,373131789537887
30:A8:DB:F1:BA:05,-74,373131825409762
30:A8:DB:F1:BA:05,-74,373131861909762
30:A8:DB:F1:BA:05,-74,373131899620491
30:A8:DB:F1:BA:05,-74,373131937307419
30:A8:DB:F1:BA:05,-75,373131970862471
30:A8:DB:F1:BA:05,-63,373136450990283
30:A8:DB:F1:BA:05,-63,373136485418043
30:A8:DB:F1:BA:05,-58,373136523103511
30:A8:DB:F1:BA:05,-63,373136555596271
30:A8:DB:F1:BA:05,-62,373136590690959
30:A8:DB:F1:BA:05,-63,373136625621166
30:A8:DB:F1:BA:05,-62,373136660768198
30:A8:DB:F1:BA:05,-62,373136691868823
30:A8:DB:F1:BA:05,-63,373136724155229
30:A8:DB:F1:BA:05,-62,373136755705750
30:A8:DB:F1:BA:05,-63,373136793125750
30:A8:DB:F1:BA:05,-62,373136829311635
30:A8:DB:F1:BA:05,-63,373136859666167
30:A8:DB:F1:BA:05,-62,373136891927000
30:A8:DB:F1:BA:05,-63,373136928861114
30:A8:DB:F1:BA:05,-59,373141442473093
30:A8:DB:F1:BA:05,-59,373141473862676
30:A8:DB:F1:BA:05,-59,373141505061426
30:A8:DB:F1:BA:05,-59,373141538846947
30:A8:DB:F1:BA:05,-59,373141571255593
30:A8:DB:F1:BA:05,-60,373141609996790
30:A8:DB:F1:BA:05,-59,373141645265747
30:A8:DB:F1:BA:05,-60,373141676593196
30:A8:DB:F1:BA:05,-60,373141709893769
30:A8:DB:F1:BA:05,-55,373141772084862
30:A8:DB:F1:BA:05,-59,373141804004081
30:A8:DB:F1:BA:05,-59,373141832021685
30:A8:DB:F1:BA:05,-55,373141870976062
30:A8:DB:F1:BA:05,-59,373141909747051
30:A8:DB:F1:BA:05,-55,373141937646478
30:A8:DB:F1:BA:05,-59,373141970584706
30:A8:DB:F1:BA:05,-59,373171536505581
30:A8:DB:F1:BA:05,-73,373176682088443
30:A8:DB:F1:BA:05,-62,373181830859014
30:A8:DB:F1:BA:05,-55,373216520683844
30:A8:DB:F1:BA:05,-67,373221661238061
30:A8:DB:F1:BA:05,-62,373226803989883
30:A8:DB:F1:BA:05,-57,373231949770453
30:A8:DB:F1:BA:05,-58,373261505315598
30:A8:DB:F1:BA:05,-58,373271790817626
30:A8:DB:F1:BA:05,-60,373276938011583
30:A8:DB:F1:BA:05,-61,373301906171001
30:A8:DB:F1:BA:05,-59,373306456624332
30:A8:DB:F1:BA:05,-59,373306487314175
30:A8:DB:F1:BA:05,-58,373306554929228
30:A8:DB:F1:BA:05,-58,373306583340165
30:A8:DB:F1:BA:05,-58,373306614638706
30:A8:DB:F1:BA:05,-58,373306655202770
30:A8:DB:F1:BA:05,-58,373306689551103
30:A8:DB:F1:BA:05,-58,373306722854072
30:A8:DB:F1:BA:05,-57,373306760448238
30:A8:DB:F1:BA:05,-58,373306794809905
30:A8:DB:F1:BA:05,-58,373306835541518
30:A8:DB:F1:BA:05,-58,373306867866051
30:A8:DB:F1:BA:05,-58,373306898141259
30:A8:DB:F1:BA:05,-58,373306938075634
30:A8:DB:F1:BA:05,-58,373306979081831
30:A8:DB:F1:BA:05,-74,373311454284851
30:A8:DB:F1:BA:05,-74,373311488542298
30:A8:DB:F1:BA:05,-71,373311520909538
30:A8:DB:F1:BA:05,-74,373311584723027
30:A8:DB:F1:BA:05,-76,373311666530163
30:A8:DB:F1:BA:05,-77,373311696403705
30:A8:DB:F1:BA:05,-77,373311732362038
30:A8:DB:F1:BA:05,-76,373311768268705
30:A8:DB:F1:BA:05,-75,373311797605996
30:A8:DB:F1:BA:05,-75,373311832339225
30:A8:DB:F1:BA:05,-77,373311862571621
30:A8:DB:F1:BA:05,-77,373311934840111
30:A8:DB:F1:BA:05,-77,373311975061621
30:A8:DB:F1:BA:05,-61,373316467665527
30:A8:DB:F1:BA:05,-61,373316503317557
30:A8:DB:F1:BA:05,-62,373316535708130
30:A8:DB:F1:BA:05,-58,373316568548599
30:A8:DB:F1:BA:05,-63,373316603506151
30:A8:DB:F1:BA:05,-63,373316639257453
30:A8:DB:F1:BA:05,-62,373316738633078
30:A8:DB:F1:BA:05,-61,373316778837452
30:A8:DB:F1:BA:05,-61,373316809807504
30:A8:DB:F1:BA:05,-61,373316849828650
30:A8:DB:F1:BA:05,-61,373316881417557
30:A8:DB:F1:BA:05,-58,373316916071255
30:A8:DB:F1:BA:05,-62,373316951738390
30:A8:DB:F1:BA:05,-60,373316989714796
30:A8:DB:F1:BA:05,-59,373321481085212
30:A8:DB:F1:BA:05,-58,373321518064378
30:A8:DB:F1:BA:05,-55,373321556797712
30:A8:DB:F1:BA:05,-55,373321587959014
30:A8:DB:F1:BA:05,-58,373321621658493
30:A8:DB:F1:BA:05,-59,373321659076930
30:A8:DB:F1:BA:05,-58,373321695385783
30:A8:DB:F1:BA:05,-59,373321725482815
30:A8:DB:F1:BA:05,-59,373321756652451
30:A8:DB:F1:BA:05,-59,373321797942450
30:A8:DB:F1:BA:05,-59,373321834610366
30:A8:DB:F1:BA:05,-59,373321905092241
30:A8:DB:F1:BA:05,-59,373321934866201
30:A8:DB:F1:BA:05,-59,373321968664535
30:A8:DB:F1:BA:05,-58,373322001604378
30:A8:DB:F1:BA:05,-79,373326464515106
30:A8:DB:F1:BA:05,-79,373326498812918
30:A8:DB:F1:BA:05,-79,373326533953074
30:A8:DB:F1:BA:05,-79,373326567759844
30:A8:DB:F1:BA:05,-79,373326597738595
30:A8:DB:F1:BA:05,-79,373326636055522
30:A8:DB:F1:BA:05,-79,373326669196147
30:A8:DB:F1:BA:05,-78,373326705290157
30:A8:DB:F1:BA:05,-79,373326776365470
30:A8:DB:F1:BA:05,-79,373326813247292
30:A8:DB:F1:BA:05,-79,373326843258855
30:A8:DB:F1:BA:05,-73,373326880774324
30:A8:DB:F1:BA:05,-76,373326919596928
30:A8:DB:F1:BA:05,-75,373326955641146
30:A8:DB:F1:BA:05,-63,373331471224374
30:A8:DB:F1:BA:05,-63,373331504039217
30:A8:DB:F1:BA:05,-63,373331536835311
30:A8:DB:F1:BA:05,-63,373331571665936
30:A8:DB:F1:BA:05,-62,373331609095572
30:A8:DB:F1:BA:05,-64,373331681785156
30:A8:DB:F1:BA:05,-63,373331717619583
30:A8:DB:F1:BA:05,-63,373331757835208
30:A8:DB:F1:BA:05,-62,373331793196196
30:A8:DB:F1:BA:05,-63,373331831936352
30:A8:DB:F1:BA:05,-63,373331861968438
30:A8:DB:F1:BA:05,-63,373331893197550
30:A8:DB:F1:BA:05,-62,373331933213906
30:A8:DB:F1:BA:05,-63,373331966782448
30:A8:DB:F1:BA:05,-59,373336503698070
30:A8:DB:F1:BA:05,-58,373336533761299
30:A8:DB:F1:BA:05,-58,373336567830622
30:A8:DB:F1:BA:05,-58,373336599983747
30:A8:DB:F1:BA:05,-58,373336633753695
30:A8:DB:F1:BA:05,-59,373336669903383
30:A8:DB:F1:BA:05,-59,373336708734841
30:A8:DB:F1:BA:05,-59,373336744090206
30:A8:DB:F1:BA:05,-59,373336780169476
30:A8:DB:F1:BA:05,-59,373336816466247
30:A8:DB:F1:BA:05,-59,373336851243069
30:A8:DB:F1:BA:05,-59,373336891371300
30:A8:DB:F1:BA:05,-55,373336937038487
30:A8:DB:F1:BA:05,-58,373336971371091
30:A8:DB:F1:BA:05,-86,373341458133642
30:A8:DB:F1:BA:05,-87,373341524585099
30:A8:DB:F1:BA:05,-88,373341595659214
30:A8:DB:F1:BA:05,-86,373341780893953
30:A8:DB:F1:BA:05,-86,373341817835620
30:A8:DB:F1:BA:05,-87,373341875522338
30:A8:DB:F1:BA:05,-87,373341914153120
30:A8:DB:F1:BA:05,-62,373346474391764
30:A8:DB:F1:BA:05,-62,373346509412389
30:A8:DB:F1:BA:05,-61,373346541904577
30:A8:DB:F1:BA:05,-61,373346577637025
30:A8:DB:F1:BA:05,-61,373346607641816
30:A8:DB:F1:BA:05,-61,373346639422337
30:A8:DB:F1:BA:05,-61,373346671332909
30:A8:DB:F1:BA:05,-61,373346705039680
30:A8:DB:F1:BA:05,-61,373346738896712
30:A8:DB:F1:BA:05,-60,373346776856608
30:A8:DB:F1:BA:05,-61,373346813454785
30:A8:DB:F1:BA:05,-58,373346851890983
30:A8:DB:F1:BA:05,-62,373346887960722
30:A8:DB:F1:BA:05,-62,373346928072337
30:A8:DB:F1:BA:05,-61,373346967007389
30:A8:DB:F1:BA:05,-58,373351506837230
30:A8:DB:F1:BA:05,-58,373351538566085
30:A8:DB:F1:BA:05,-58,373351577358064
30:A8:DB:F1:BA:05,-58,373351608282961
30:A8:DB:F1:BA:05,-58,373351649153532
30:A8:DB:F1:BA:05,-58,373351678702387
30:A8:DB:F1:BA:05,-58,373351711380824
30:A8:DB:F1:BA:05,-58,373351747808168
30:A8:DB:F1:BA:05,-58,373351788406449
30:A8:DB:F1:BA:05,-58,373351825174001
30:A8:DB:F1:BA:05,-58,373351865051761
30:A8:DB:F1:BA:05,-58,373351898931762
30:A8:DB:F1:BA:05,-58,373351933815251
30:A8:DB:F1:BA:05,-58,373351973928428
30:A8:DB:F1:BA:05,-82,373356519059260
30:A8:DB:F1:BA:05,-83,373356560115980
30:A8:DB:F1:BA:05,-83,373356593691032
30:A8:DB:F1:BA:05,-84,373356632248114
30:A8:DB:F1:BA:05,-83,373356671091292
30:A8:DB:F1:BA:05,-83,373356708838427
30:A8:DB:F1:BA:05,-82,373356745016239
30:A8:DB:F1:BA:05,-82,373356781225667
30:A8:DB:F1:BA:05,-81,373356817603584
30:A8:DB:F1:BA:05,-79,373356882505614
30:A8:DB:F1:BA:05,-83,373356922100926
30:A8:DB:F1:BA:05,-84,373356957652489
30:A8:DB:F1:BA:05,-58,373361469422540
30:A8:DB:F1:BA:05,-61,373361508248790
30:A8:DB:F1:BA:05,-61,373361537728685
30:A8:DB:F1:BA:05,-58,373361610700978
30:A8:DB:F1:BA:05,-61,373361647644207
30:A8:DB:F1:BA:05,-61,373361682945874
30:A8:DB:F1:BA:05,-61,373361720707957
30:A8:DB:F1:BA:05,-62,373361751391082
30:A8:DB:F1:BA:05,-62,373361785550143
30:A8:DB:F1:BA:05,-62,373361819241290
30:A8:DB:F1:BA:05,-61,373361855720977
30:A8:DB:F1:BA:05,-61,373361894490716
30:A8:DB:F1:BA:05,-61,373361971454362
30:A8:DB:F1:BA:05,-58,373366485485298
30:A8:DB:F1:BA:05,-58,373366521435195
30:A8:DB:F1:BA:05,-58,373366554842173
30:A8:DB:F1:BA:05,-58,373366588275245
30:A8:DB:F1:BA:05,-58,373366621190766
30:A8:DB:F1:BA:05,-58,373366658491391
30:A8:DB:F1:BA:05,-58,373366695101809
30:A8:DB:F1:BA:05,-57,373366732889621
30:A8:DB:F1:BA:05,-58,373366764004725
30:A8:DB:F1:BA:05,-58,373366802080402
30:A8:DB:F1:BA:05,-58,373366838254465
30:A8:DB:F1:BA:05,-58,373366878148476
30:A8:DB:F1:BA:05,-58,373366912889257
30:A8:DB:F1:BA:05,-58,373366942542330
30:A8:DB:F1:BA:05,-58,373366981779622
30:A8:DB:F1:BA:05,-76,373371476029462
30:A8:DB:F1:BA:05,-80,373371510857849
30:A8:DB:F1:BA:05,-80,373371542209984
30:A8:DB:F1:BA:05,-80,373371573130557
30:A8:DB:F1:BA:05,-79,373371604931494
30:A8:DB:F1:BA:05,-74,373371635171599
30:A8:DB:F1:BA:05,-74,373371670428057
30:A8:DB:F1:BA:05,-77,373371703048733
30:A8:DB:F1:BA:05,-79,373371733128786
30:A8:DB:F1:BA:05,-79,373371769029307
30:A8:DB:F1:BA:05,-79,373371844544203
30:A8:DB:F1:BA:05,-78,373371879606546
30:A8:DB:F1:BA:05,-78,373371915998473
30:A8:DB:F1:BA:05,-79,373371953641806
30:A8:DB:F1:BA:05,-78,373371987473369
30:A8:DB:F1:BA:05,-76,373372022147118
30:A8:DB:F1:BA:05,-61,373376457374097
30:A8:DB:F1:BA:05,-58,373376487213680
30:A8:DB:F1:BA:05,-61,373376519253991
30:A8:DB:F1:BA:05,-61,373376555373524
30:A8:DB:F1:BA:05,-62,373376593978888
30:A8:DB:F1:BA:05,-62,373376628960087
30:A8:DB:F1:BA:05,-62,373376667075398
30:A8:DB:F1:BA:05,-62,373376699480608
30:A8:DB:F1:BA:05,-62,373376733441284
30:A8:DB:F1:BA:05,-63,373376806875190
30:A8:DB:F1:BA:05,-62,373376841898628
30:A8:DB:F1:BA:05,-62,373376881840607
30:A8:DB:F1:BA:05,-62,373376950788628
30:A8:DB:F1:BA:05,-63,373376989431492
30:A8:DB:F1:BA:05,-58,373381469835865
30:A8:DB:F1:BA:05,-58,373381505551020
30:A8:DB:F1:BA:05,-58,373381539292377
30:A8:DB:F1:BA:05,-58,373381575137010
30:A8:DB:F1:BA:05,-58,373381610530657
30:A8:DB:F1:BA:05,-58,373381640873730
30:A8:DB:F1:BA:05,-58,373381672939875
30:A8:DB:F1:BA:05,-58,373381702908938
30:A8:DB:F1:BA:05,-58,373381739342688
30:A8:DB:F1:BA:05,-58,373381777926594
30:A8:DB:F1:BA:05,-58,373381808661804
30:A8:DB:F1:BA:05,-58,373381843784459
30:A8:DB:F1:BA:05,-58,373381878010761
30:A8:DB:F1:BA:05,-59,373381909288731
30:A8:DB:F1:BA:05,-58,373381945569772
30:A8:DB:F1:BA:05,-58,373381980564147
30:A8:DB:F1:BA:05,-76,373386480722374
30:A8:DB:F1:BA:05,-76,373386515846384
30:A8:DB:F1:BA:05,-77,373386554546333
30:A8:DB:F1:BA:05,-78,373386585348832
30:A8:DB:F1:BA:05,-77,373386614560395
30:A8:DB:F1:BA:05,-77,373386644483728
30:A8:DB:F1:BA:05,-76,373386679398155
30:A8:DB:F1:BA:05,-78,373386709579665
30:A8:DB:F1:BA:05,-78,373386743122218
30:A8:DB:F1:BA:05,-78,373386777879613
30:A8:DB:F1:BA:05,-77,373386817762843
30:A8:DB:F1:BA:05,-77,373386850596437
30:A8:DB:F1:BA:05,-76,373386889034562
30:A8:DB:F1:BA:05,-77,373386920438312
30:A8:DB:F1:BA:05,-75,373386958103989
30:A8:DB:F1:BA:05,-62,373391459721069
30:A8:DB:F1:BA:05,-62,373391493121279
30:A8:DB:F1:BA:05,-62,373391532247371
30:A8:DB:F1:BA:05,-62,373391561652476
30:A8:DB:F1:BA:05,-63,373391596790133
30:A8:DB:F1:BA:05,-63,373391634444247
30:A8:DB:F1:BA:05,-62,373391670671694
30:A8:DB:F1:BA:05,-62,373391707414247
30:A8:DB:F1:BA:05,-63,373391734579976
30:A8:DB:F1:BA:05,-63,373391765171121
30:A8:DB:F1:BA:05,-63,373391801580132
30:A8:DB:F1:BA:05,-63,373391836815288
30:A8:DB:F1:BA:05,-63,373391870650081
30:A8:DB:F1:BA:05,-62,373391903483673
30:A8:DB:F1:BA:05,-63,373391938973726
30:A8:DB:F1:BA:05,-62,373391975567111
30:A8:DB:F1:BA:05,-55,373396473217422
30:A8:DB:F1:BA:05,-59,373396502692631
30:A8:DB:F1:BA:05,-59,373396537491068
30:A8:DB:F1:BA:05,-58,373396571253256
30:A8:DB:F1:BA:05,-59,373396611608307
30:A8:DB:F1:BA:05,-59,373396641785078
30:A8:DB:F1:BA:05,-59,373396674851849
30:A8:DB:F1:BA:05,-58,373396704733463
30:A8:DB:F1:BA:05,-58,373396737101849
30:A8:DB:F1:BA:05,-59,373396769405703
30:A8:DB:F1:BA:05,-59,373396807571173
30:A8:DB:F1:BA:05,-55,373396840122683
30:A8:DB:F1:BA:05,-55,373396872580911
30:A8:DB:F1:BA:05,-55,373396907699610
30:A8:DB:F1:BA:05,-58,373396937511537
30:A8:DB:F1:BA:05,-78,373401462170337
30:A8:DB:F1:BA:05,-76,373401527551535
30:A8:DB:F1:BA:05,-80,373401534681639
30:A8:DB:F1:BA:05,-79,373401560744087
30:A8:DB:F1:BA:05,-78,373401600330389
30:A8:DB:F1:BA:05,-80,373401630197263
30:A8:DB:F1:BA:05,-79,373401712044764
30:A8:DB:F1:BA:05,-79,373401747776066
30:A8:DB:F1:BA:05,-79,373401775784035
30:A8:DB:F1:BA:05,-76,373401875729763
30:A8:DB:F1:BA:05,-80,373401913126065
30:A8:DB:F1:BA:05,-79,373401947188878
30:A8:DB:F1:BA:05,-64,373406461660752
30:A8:DB:F1:BA:05,-63,373406503283043
30:A8:DB:F1:BA:05,-63,373406538207261
30:A8:DB:F1:BA:05,-64,373406569807678
30:A8:DB:F1:BA:05,-63,373406604493200
30:A8:DB:F1:BA:05,-62,373406636924137
30:A8:DB:F1:BA:05,-61,373406669427105
30:A8:DB:F1:BA:05,-61,373406708771532
30:A8:DB:F1:BA:05,-61,373406740915438
30:A8:DB:F1:BA:05,-58,373406770919136
30:A8:DB:F1:BA:05,-62,373406807092053
30:A8:DB:F1:BA:05,-63,373406842302313
30:A8:DB:F1:BA:05,-63,373406875690647
30:A8:DB:F1:BA:05,-63,373406909292627
30:A8:DB:F1:BA:05,-62,373406948180960
30:A8:DB:F1:BA:05,-62,373406984645699
30:A8:DB:F1:BA:05,-61,373411467768771
30:A8:DB:F1:BA:05,-61,373411498949864
30:A8:DB:F1:BA:05,-59,373411528756687
30:A8:DB:F1:BA:05,-60,373411565141479
30:A8:DB:F1:BA:05,-58,373411595367468
30:A8:DB:F1:BA:05,-58,373411627767522
30:A8:DB:F1:BA:05,-58,373411658954188
30:A8:DB:F1:BA:05,-58,373411690662312
30:A8:DB:F1:BA:05,-57,373411731872207
30:A8:DB:F1:BA:05,-56,373411762618770
30:A8:DB:F1:BA:05,-52,373411805211843
30:A8:DB:F1:BA:05,-55,373411832752312
30:A8:DB:F1:BA:05,-52,373411866022104
30:A8:DB:F1:BA:05,-55,373411899632208
30:A8:DB:F1:BA:05,-55,373411933472573
30:A8:DB:F1:BA:05,-56,373411964333457
30:A8:DB:F1:BA:05,-59,373411997440332
30:A8:DB:F1:BA:05,-65,373416466074916
30:A8:DB:F1:BA:05,-66,373416533268976
30:A8:DB:F1:BA:05,-67,373416572254915
30:A8:DB:F1:BA:05,-68,373416634677780
30:A8:DB:F1:BA:05,-67,373416666149916
30:A8:DB:F1:BA:05,-67,373416704494342
30:A8:DB:F1:BA:05,-67,373416734888248
30:A8:DB:F1:BA:05,-67,373416769003301
30:A8:DB:F1:BA:05,-67,373416803003144
30:A8:DB:F1:BA:05,-67,373416839859082
30:A8:DB:F1:BA:05,-64,373416912584133
30:A8:DB:F1:BA:05,-68,373416952199499
30:A8:DB:F1:BA:05,-68,373416987302310
30:A8:DB:F1:BA:05,-61,373421487978768
30:A8:DB:F1:BA:05,-61,373421522155903
30:A8:DB:F1:BA:05,-62,373421558097205
30:A8:DB:F1:BA:05,-63,373421587800174
30:A8:DB:F1:BA:05,-63,373421625214548
30:A8:DB:F1:BA:05,-61,373421661889652
30:A8:DB:F1:BA:05,-61,373421700738767
30:A8:DB:F1:BA:05,-59,373421763091006
30:A8:DB:F1:BA:05,-60,373421792006423
30:A8:DB:F1:BA:05,-60,373421829300747
30:A8:DB:F1:BA:05,-61,373421865649444
30:A8:DB:F1:BA:05,-61,373421900703766
30:A8:DB:F1:BA:05,-61,373421934382776
30:A8:DB:F1:BA:05,-61,373421968273245
30:A8:DB:F1:BA:05,-61,373421999729756
30:A8:DB:F1:BA:05,-57,373426465701161
30:A8:DB:F1:BA:05,-57,373426499865953
30:A8:DB:F1:BA:05,-57,373426538435432
30:A8:DB:F1:BA:05,-57,373426568614807
30:A8:DB:F1:BA:05,-57,373426601525067
30:A8:DB:F1:BA:05,-57,373426640366681
30:A8:DB:F1:BA:05,-57,373426677326787
30:A8:DB:F1:BA:05,-58,373426710145588
30:A8:DB:F1:BA:05,-57,373426741765483
30:A8:DB:F1:BA:05,-56,373426775212462
30:A8:DB:F1:BA:05,-57,373426803952775
30:A8:DB:F1:BA:05,-57,373426874635119
30:A8:DB:F1:BA:05,-57,373426907422620
30:A8:DB:F1:BA:05,-57,373426938543974
30:A8:DB:F1:BA:05,-58,373426977004911
30:A8:DB:F1:BA:05,-57,373427006952983
30:A8:DB:F1:BA:05,-68,373431469214024
30:A8:DB:F1:BA:05,-68,373431505407721
30:A8:DB:F1:BA:05,-68,373431538715951
30:A8:DB:F1:BA:05,-67,373431573686888
30:A8:DB:F1:BA:05,-67,373431611182356
30:A8:DB:F1:BA:05,-68,373431648766732
30:A8:DB:F1:BA:05,-69,373431677584909
30:A8:DB:F1:BA:05,-69,373431712267461
30:A8:DB:F1:BA:05,-69,373431742697461
30:A8:DB:F1:BA:05,-68,373431773788086
30:A8:DB:F1:BA:05,-68,373431808064857
30:A8:DB:F1:BA:05,-66,373431845035846
30:A8:DB:F1:BA:05,-67,373431879921576
30:A8:DB:F1:BA:05,-67,373431943018815
30:A8:DB:F1:BA:05,-64,373431977304649
30:A8:DB:F1:BA:05,-60,373436483214960
30:A8:DB:F1:BA:05,-61,373436521957197
30:A8:DB:F1:BA:05,-61,373436551834699
30:A8:DB:F1:BA:05,-62,373436587667667
30:A8:DB:F1:BA:05,-61,373436626970168
30:A8:DB:F1:BA:05,-61,373436669364281
30:A8:DB:F1:BA:05,-61,373436707075793
30:A8:DB:F1:BA:05,-61,373436747808032
30:A8:DB:F1:BA:05,-60,373436780674491
30:A8:DB:F1:BA:05,-61,373436859921626
30:A8:DB:F1:BA:05,-61,373436889736939
30:A8:DB:F1:BA:05,-61,373436922776730
30:A8:DB:F1:BA:05,-62,373436953067720
30:A8:DB:F1:BA:05,-58,373441471480113
30:A8:DB:F1:BA:05,-57,373441508149281
30:A8:DB:F1:BA:05,-58,373441545269697
30:A8:DB:F1:BA:05,-58,373441581085894
30:A8:DB:F1:BA:05,-58,373441612474280
30:A8:DB:F1:BA:05,-58,373441651391571
30:A8:DB:F1:BA:05,-58,373441689724644
30:A8:DB:F1:BA:05,-58,373441720286884
30:A8:DB:F1:BA:05,-58,373441754771884
30:A8:DB:F1:BA:05,-58,373441792969019
30:A8:DB:F1:BA:05,-58,373441857007926
30:A8:DB:F1:BA:05,-58,373441892827248
30:A8:DB:F1:BA:05,-58,373441923043811
30:A8:DB:F1:BA:05,-58,373441959113811
30:A8:DB:F1:BA:05,-68,373446467840476
30:A8:DB:F1:BA:05,-64,373446502132090
30:A8:DB:F1:BA:05,-68,373446533795944
30:A8:DB:F1:BA:05,-68,373446567182455
30:A8:DB:F1:BA:05,-68,373446596198705
30:A8:DB:F1:BA:05,-69,373446629106309
30:A8:DB:F1:BA:05,-69,373446669033757
30:A8:DB:F1:BA:05,-67,373446701375944
30:A8:DB:F1:BA:05,-68,373446740296466
30:A8:DB:F1:BA:05,-64,373446776048549
30:A8:DB:F1:BA:05,-67,373446805839590
30:A8:DB:F1:BA:05,-64,373446872206309
30:A8:DB:F1:BA:05,-68,373446912021674
30:A8:DB:F1:BA:05,-67,373446947957246
30:A8:DB:F1:BA:05,-67,373446982077768
30:A8:DB:F1:BA:05,-60,373481559696503
30:A8:DB:F1:BA:05,-60,373486697332127
30:A8:DB:F1:BA:05,-73,373491838684365
30:A8:DB:F1:BA:05,-61,373526508142321
30:A8:DB:F1:BA:05,-59,373531644853568
30:A8:DB:F1:BA:05,-67,373536780196328
30:A8:DB:F1:BA:05,-58,373541915270856
30:A8:DB:F1:BA:05,-62,373571469679856
30:A8:DB:F1:BA:05,-70,373581748746310
30:A8:DB:F1:BA:05,-60,373586883536308
